# Converted from COLLADA
mtllib robocon_ground.mtl
v 5.500000 5.500000 0.000000 0.800000 0.400000 0.320000
v -5.500000 5.500000 0.000000 0.800000 0.400000 0.320000
v 5.500000 0.000000 0.000000 0.800000 0.400000 0.320000
v -5.500000 0.000000 0.000000 0.800000 0.400000 0.320000
v 5.500000 0.000000 0.000000 0.340000 0.650000 0.800000
v -5.500000 0.000000 0.000000 0.340000 0.650000 0.800000
v 5.500000 -5.500000 0.000000 0.340000 0.650000 0.800000
v -5.500000 -5.500000 0.000000 0.340000 0.650000 0.800000
v -4.800000 5.500000 0.001000 0.800000 0.000000 0.000000
v -5.500000 5.500000 0.001000 0.800000 0.000000 0.000000
v -4.800000 4.800000 0.001000 0.800000 0.000000 0.000000
v -5.500000 4.800000 0.001000 0.800000 0.000000 0.000000
v -4.800000 4.700000 0.001000 0.800000 0.000000 0.000000
v -5.500000 4.700000 0.001000 0.800000 0.000000 0.000000
v -4.800000 4.000000 0.001000 0.800000 0.000000 0.000000
v -5.500000 4.000000 0.001000 0.800000 0.000000 0.000000
v -4.800000 -4.800000 0.001000 0.000000 0.000000 0.800000
v -5.500000 -4.800000 0.001000 0.000000 0.000000 0.800000
v -4.800000 -5.500000 0.001000 0.000000 0.000000 0.800000
v -5.500000 -5.500000 0.001000 0.000000 0.000000 0.800000
v -4.800000 -4.000000 0.001000 0.000000 0.000000 0.800000
v -5.500000 -4.000000 0.001000 0.000000 0.000000 0.800000
v -4.800000 -4.700000 0.001000 0.000000 0.000000 0.800000
v -5.500000 -4.700000 0.001000 0.000000 0.000000 0.800000
v 5.500000 -3.500000 0.001000 0.000000 0.000000 0.800000
v 4.500000 -3.500000 0.001000 0.000000 0.000000 0.800000
v 5.500000 -5.500000 0.001000 0.000000 0.000000 0.800000
v 4.500000 -5.500000 0.001000 0.000000 0.000000 0.800000
v 5.500000 5.500000 0.001000 0.800000 0.000000 0.000000
v 4.500000 5.500000 0.001000 0.800000 0.000000 0.000000
v 5.500000 3.500000 0.001000 0.800000 0.000000 0.000000
v 4.500000 3.500000 0.001000 0.800000 0.000000 0.000000
v 5.500000 -5.500000 -0.040000 0.120000 0.000000 0.000000
v 5.500000 -5.500000 0.040000 0.120000 0.000000 0.000000
v 5.500000 -5.600000 -0.040000 0.120000 0.000000 0.000000
v 5.500000 -5.600000 0.040000 0.120000 0.000000 0.000000
v -5.500000 -5.500000 -0.040000 0.120000 0.000000 0.000000
v -5.500000 -5.500000 0.040000 0.120000 0.000000 0.000000
v -5.500000 -5.600000 -0.040000 0.120000 0.000000 0.000000
v -5.500000 -5.600000 0.040000 0.120000 0.000000 0.000000
v 5.500000 5.600000 -0.040000 0.140000 0.000000 0.000000
v 5.500000 5.600000 0.040000 0.140000 0.000000 0.000000
v 5.500000 5.500000 -0.040000 0.140000 0.000000 0.000000
v 5.500000 5.500000 0.040000 0.140000 0.000000 0.000000
v -5.500000 5.600000 -0.040000 0.140000 0.000000 0.000000
v -5.500000 5.600000 0.040000 0.140000 0.000000 0.000000
v -5.500000 5.500000 -0.040000 0.140000 0.000000 0.000000
v -5.500000 5.500000 0.040000 0.140000 0.000000 0.000000
v -5.600000 5.500000 -0.040000 0.140000 0.000000 0.000000
v -5.600000 5.500000 0.040000 0.140000 0.000000 0.000000
v -5.500000 5.500000 -0.040000 0.140000 0.000000 0.000000
v -5.500000 5.500000 0.040000 0.140000 0.000000 0.000000
v -5.600000 -5.500000 -0.040000 0.140000 0.000000 0.000000
v -5.600000 -5.500000 0.040000 0.140000 0.000000 0.000000
v -5.500000 -5.500000 -0.040000 0.140000 0.000000 0.000000
v -5.500000 -5.500000 0.040000 0.140000 0.000000 0.000000
v 5.500000 5.500000 -0.040000 0.120000 0.000000 0.000000
v 5.500000 5.500000 0.040000 0.120000 0.000000 0.000000
v 5.600000 5.500000 -0.040000 0.120000 0.000000 0.000000
v 5.600000 5.500000 0.040000 0.120000 0.000000 0.000000
v 5.500000 -5.500000 -0.040000 0.120000 0.000000 0.000000
v 5.500000 -5.500000 0.040000 0.120000 0.000000 0.000000
v 5.600000 -5.500000 -0.040000 0.120000 0.000000 0.000000
v 5.600000 -5.500000 0.040000 0.120000 0.000000 0.000000
v -3.650000 0.600000 0.002000 0.800000 0.720000 0.330000
v -4.850000 0.600000 0.002000 0.800000 0.720000 0.330000
v -3.650000 -0.600000 0.002000 0.800000 0.720000 0.330000
v -4.850000 -0.600000 0.002000 0.800000 0.720000 0.330000
v 4.650000 0.500000 0.002000 0.800000 0.800000 0.800000
v 3.650000 0.500000 0.002000 0.800000 0.800000 0.800000
v 4.650000 -0.500000 0.002000 0.800000 0.800000 0.800000
v 3.650000 -0.500000 0.002000 0.800000 0.800000 0.800000
v 5.500000 0.040000 0.001000 0.140000 0.000000 0.000000
v -5.500000 0.040000 0.001000 0.140000 0.000000 0.000000
v 5.500000 -0.040000 0.001000 0.140000 0.000000 0.000000
v -5.500000 -0.040000 0.001000 0.140000 0.000000 0.000000
v 3.000000 3.000000 0.000000 0.800000 0.800000 0.800000
v 3.000000 3.000000 0.600000 0.800000 0.800000 0.800000
v 3.000000 -3.000000 0.000000 0.800000 0.800000 0.800000
v 3.000000 -3.000000 0.600000 0.800000 0.800000 0.800000
v -3.000000 3.000000 0.000000 0.800000 0.800000 0.800000
v -3.000000 3.000000 0.600000 0.800000 0.800000 0.800000
v -3.000000 -3.000000 0.000000 0.800000 0.800000 0.800000
v -3.000000 -3.000000 0.600000 0.800000 0.800000 0.800000
v -0.800000 4.000000 0.596619 0.800000 0.070000 0.080000
v -0.800000 4.000000 -0.000000 0.800000 0.070000 0.080000
v -0.800000 3.000000 0.596619 0.800000 0.070000 0.080000
v -0.800000 3.000000 -0.000000 0.800000 0.070000 0.080000
v 2.700000 4.000000 0.003381 0.800000 0.070000 0.080000
v 2.700000 4.000000 0.000000 0.800000 0.070000 0.080000
v 2.700000 3.000000 0.003381 0.800000 0.070000 0.080000
v 2.700000 3.000000 0.000000 0.800000 0.070000 0.080000
v -0.800000 4.000000 0.000000 0.800000 0.140000 0.150000
v -0.800000 4.000000 0.150000 0.800000 0.140000 0.150000
v -0.800000 3.000000 0.000000 0.800000 0.140000 0.150000
v -0.800000 3.000000 0.150000 0.800000 0.140000 0.150000
v -2.700000 4.000000 0.000000 0.800000 0.140000 0.150000
v -2.700000 4.000000 0.150000 0.800000 0.140000 0.150000
v -2.700000 3.000000 0.000000 0.800000 0.140000 0.150000
v -2.700000 3.000000 0.150000 0.800000 0.140000 0.150000
v -0.800000 4.000000 0.150000 0.800000 0.140000 0.170000
v -0.800000 4.000000 0.300000 0.800000 0.140000 0.170000
v -0.800000 3.000000 0.150000 0.800000 0.140000 0.170000
v -0.800000 3.000000 0.300000 0.800000 0.140000 0.170000
v -2.400000 4.000000 0.150000 0.800000 0.140000 0.170000
v -2.400000 4.000000 0.300000 0.800000 0.140000 0.170000
v -2.400000 3.000000 0.150000 0.800000 0.140000 0.170000
v -2.400000 3.000000 0.300000 0.800000 0.140000 0.170000
v -0.800000 4.000000 0.300000 0.800000 0.160000 0.180000
v -0.800000 4.000000 0.450000 0.800000 0.160000 0.180000
v -0.800000 3.000000 0.300000 0.800000 0.160000 0.180000
v -0.800000 3.000000 0.450000 0.800000 0.160000 0.180000
v -2.100000 4.000000 0.300000 0.800000 0.160000 0.180000
v -2.100000 4.000000 0.450000 0.800000 0.160000 0.180000
v -2.100000 3.000000 0.300000 0.800000 0.160000 0.180000
v -2.100000 3.000000 0.450000 0.800000 0.160000 0.180000
v -0.800000 4.000000 0.450000 0.800000 0.150000 0.180000
v -0.800000 4.000000 0.600000 0.800000 0.150000 0.180000
v -0.800000 3.000000 0.450000 0.800000 0.150000 0.180000
v -0.800000 3.000000 0.600000 0.800000 0.150000 0.180000
v -1.800000 4.000000 0.450000 0.800000 0.150000 0.180000
v -1.800000 4.000000 0.600000 0.800000 0.150000 0.180000
v -1.800000 3.000000 0.450000 0.800000 0.150000 0.180000
v -1.800000 3.000000 0.600000 0.800000 0.150000 0.180000
v -0.800000 -3.000000 0.596619 0.090000 0.310000 0.800000
v -0.800000 -3.000000 -0.000000 0.090000 0.310000 0.800000
v -0.800000 -4.000000 0.596619 0.090000 0.310000 0.800000
v -0.800000 -4.000000 -0.000000 0.090000 0.310000 0.800000
v 2.700000 -3.000000 0.003381 0.090000 0.310000 0.800000
v 2.700000 -3.000000 0.000000 0.090000 0.310000 0.800000
v 2.700000 -4.000000 0.003381 0.090000 0.310000 0.800000
v 2.700000 -4.000000 0.000000 0.090000 0.310000 0.800000
v -0.800000 -3.000000 0.000000 0.100000 0.580000 0.800000
v -0.800000 -3.000000 0.150000 0.100000 0.580000 0.800000
v -0.800000 -4.000000 0.000000 0.100000 0.580000 0.800000
v -0.800000 -4.000000 0.150000 0.100000 0.580000 0.800000
v -2.700000 -3.000000 0.000000 0.100000 0.580000 0.800000
v -2.700000 -3.000000 0.150000 0.100000 0.580000 0.800000
v -2.700000 -4.000000 0.000000 0.100000 0.580000 0.800000
v -2.700000 -4.000000 0.150000 0.100000 0.580000 0.800000
v -0.800000 -3.000000 0.150000 0.080000 0.510000 0.800000
v -0.800000 -3.000000 0.300000 0.080000 0.510000 0.800000
v -0.800000 -4.000000 0.150000 0.080000 0.510000 0.800000
v -0.800000 -4.000000 0.300000 0.080000 0.510000 0.800000
v -2.400000 -3.000000 0.150000 0.080000 0.510000 0.800000
v -2.400000 -3.000000 0.300000 0.080000 0.510000 0.800000
v -2.400000 -4.000000 0.150000 0.080000 0.510000 0.800000
v -2.400000 -4.000000 0.300000 0.080000 0.510000 0.800000
v -0.800000 -3.000000 0.300000 0.110000 0.450000 0.800000
v -0.800000 -3.000000 0.450000 0.110000 0.450000 0.800000
v -0.800000 -4.000000 0.300000 0.110000 0.450000 0.800000
v -0.800000 -4.000000 0.450000 0.110000 0.450000 0.800000
v -2.100000 -3.000000 0.300000 0.110000 0.450000 0.800000
v -2.100000 -3.000000 0.450000 0.110000 0.450000 0.800000
v -2.100000 -4.000000 0.300000 0.110000 0.450000 0.800000
v -2.100000 -4.000000 0.450000 0.110000 0.450000 0.800000
v -0.800000 -3.000000 0.450000 0.110000 0.440000 0.800000
v -0.800000 -3.000000 0.600000 0.110000 0.440000 0.800000
v -0.800000 -4.000000 0.450000 0.110000 0.440000 0.800000
v -0.800000 -4.000000 0.600000 0.110000 0.440000 0.800000
v -1.800000 -3.000000 0.450000 0.110000 0.440000 0.800000
v -1.800000 -3.000000 0.600000 0.110000 0.440000 0.800000
v -1.800000 -4.000000 0.450000 0.110000 0.440000 0.800000
v -1.800000 -4.000000 0.600000 0.110000 0.440000 0.800000
v -3.025000 3.000000 0.600000 0.110000 0.000000 0.000000
v -3.025000 3.000000 0.650000 0.110000 0.000000 0.000000
v -2.975000 3.000000 0.600000 0.110000 0.000000 0.000000
v -2.975000 3.000000 0.650000 0.110000 0.000000 0.000000
v -3.025000 -3.000000 0.600000 0.110000 0.000000 0.000000
v -3.025000 -3.000000 0.650000 0.110000 0.000000 0.000000
v -2.975000 -3.000000 0.600000 0.110000 0.000000 0.000000
v -2.975000 -3.000000 0.650000 0.110000 0.000000 0.000000
v 2.975000 3.000000 0.600000 0.110000 0.000000 0.000000
v 2.975000 3.000000 0.650000 0.110000 0.000000 0.000000
v 3.025000 3.000000 0.600000 0.110000 0.000000 0.000000
v 3.025000 3.000000 0.650000 0.110000 0.000000 0.000000
v 2.975000 -3.000000 0.600000 0.110000 0.000000 0.000000
v 2.975000 -3.000000 0.650000 0.110000 0.000000 0.000000
v 3.025000 -3.000000 0.600000 0.110000 0.000000 0.000000
v 3.025000 -3.000000 0.650000 0.110000 0.000000 0.000000
v 3.000000 3.025000 0.600000 0.110000 0.000000 0.000000
v 3.000000 3.025000 0.650000 0.110000 0.000000 0.000000
v 3.000000 2.975000 0.600000 0.110000 0.000000 0.000000
v 3.000000 2.975000 0.650000 0.110000 0.000000 0.000000
v -0.800000 3.025000 0.600000 0.110000 0.000000 0.000000
v -0.800000 3.025000 0.650000 0.110000 0.000000 0.000000
v -0.800000 2.975000 0.600000 0.110000 0.000000 0.000000
v -0.800000 2.975000 0.650000 0.110000 0.000000 0.000000
v -1.800000 3.025000 0.600000 0.110000 0.000000 0.000000
v -1.800000 3.025000 0.650000 0.110000 0.000000 0.000000
v -1.800000 2.975000 0.600000 0.110000 0.000000 0.000000
v -1.800000 2.975000 0.650000 0.110000 0.000000 0.000000
v -3.000000 3.025000 0.600000 0.110000 0.000000 0.000000
v -3.000000 3.025000 0.650000 0.110000 0.000000 0.000000
v -3.000000 2.975000 0.600000 0.110000 0.000000 0.000000
v -3.000000 2.975000 0.650000 0.110000 0.000000 0.000000
v 3.000000 -2.975000 0.600000 0.110000 0.000000 0.000000
v 3.000000 -2.975000 0.650000 0.110000 0.000000 0.000000
v 3.000000 -3.025000 0.600000 0.110000 0.000000 0.000000
v 3.000000 -3.025000 0.650000 0.110000 0.000000 0.000000
v -0.800000 -2.975000 0.600000 0.110000 0.000000 0.000000
v -0.800000 -2.975000 0.650000 0.110000 0.000000 0.000000
v -0.800000 -3.025000 0.600000 0.110000 0.000000 0.000000
v -0.800000 -3.025000 0.650000 0.110000 0.000000 0.000000
v -1.800000 -2.975000 0.600000 0.110000 0.000000 0.000000
v -1.800000 -2.975000 0.650000 0.110000 0.000000 0.000000
v -1.800000 -3.025000 0.600000 0.110000 0.000000 0.000000
v -1.800000 -3.025000 0.650000 0.110000 0.000000 0.000000
v -3.000000 -2.975000 0.600000 0.110000 0.000000 0.000000
v -3.000000 -2.975000 0.650000 0.110000 0.000000 0.000000
v -3.000000 -3.025000 0.600000 0.110000 0.000000 0.000000
v -3.000000 -3.025000 0.650000 0.110000 0.000000 0.000000
v 1.500000 1.500000 0.600000 0.800000 0.800000 0.800000
v 1.500000 1.500000 0.900000 0.800000 0.800000 0.800000
v 1.500000 -1.500000 0.600000 0.800000 0.800000 0.800000
v 1.500000 -1.500000 0.900000 0.800000 0.800000 0.800000
v -1.500000 1.500000 0.600000 0.800000 0.800000 0.800000
v -1.500000 1.500000 0.900000 0.800000 0.800000 0.800000
v -1.500000 -1.500000 0.600000 0.800000 0.800000 0.800000
v -1.500000 -1.500000 0.900000 0.800000 0.800000 0.800000
v 3.000000 3.000000 0.601000 0.800000 0.180000 0.190000
v -3.000000 3.000000 0.601000 0.800000 0.180000 0.190000
v 3.000000 0.000000 0.601000 0.800000 0.180000 0.190000
v -3.000000 0.000000 0.601000 0.800000 0.180000 0.190000
v 3.000000 0.000000 0.601000 0.170000 0.630000 0.800000
v -3.000000 0.000000 0.601000 0.170000 0.630000 0.800000
v 3.000000 -3.000000 0.601000 0.170000 0.630000 0.800000
v -3.000000 -3.000000 0.601000 0.170000 0.630000 0.800000
v 0.500000 1.800000 0.600000 0.800000 0.180000 0.160000
v 0.500000 1.800000 0.750000 0.800000 0.180000 0.160000
v 0.500000 1.500000 0.600000 0.800000 0.180000 0.160000
v 0.500000 1.500000 0.750000 0.800000 0.180000 0.160000
v -0.500000 1.800000 0.600000 0.800000 0.180000 0.160000
v -0.500000 1.800000 0.750000 0.800000 0.180000 0.160000
v -0.500000 1.500000 0.600000 0.800000 0.180000 0.160000
v -0.500000 1.500000 0.750000 0.800000 0.180000 0.160000
v 0.500000 -1.500000 0.600000 0.180000 0.600000 0.800000
v 0.500000 -1.500000 0.750000 0.180000 0.600000 0.800000
v 0.500000 -1.800000 0.600000 0.180000 0.600000 0.800000
v 0.500000 -1.800000 0.750000 0.180000 0.600000 0.800000
v -0.500000 -1.500000 0.600000 0.180000 0.600000 0.800000
v -0.500000 -1.500000 0.750000 0.180000 0.600000 0.800000
v -0.500000 -1.800000 0.600000 0.180000 0.600000 0.800000
v -0.500000 -1.800000 0.750000 0.180000 0.600000 0.800000
v -2.500000 -2.500000 0.602000 0.000000 0.170000 0.000000
v -3.000000 -2.500000 0.602000 0.000000 0.170000 0.000000
v -2.500000 -3.000000 0.602000 0.000000 0.170000 0.000000
v -3.000000 -3.000000 0.602000 0.000000 0.170000 0.000000
v -2.500000 0.250000 0.603000 0.000000 0.170000 0.000000
v -3.000000 0.250000 0.603000 0.000000 0.170000 0.000000
v -2.500000 -0.250000 0.603000 0.000000 0.170000 0.000000
v -3.000000 -0.250000 0.603000 0.000000 0.170000 0.000000
v -2.500000 3.000000 0.602000 0.000000 0.170000 0.000000
v -3.000000 3.000000 0.602000 0.000000 0.170000 0.000000
v -2.500000 2.500000 0.602000 0.000000 0.170000 0.000000
v -3.000000 2.500000 0.602000 0.000000 0.170000 0.000000
v 3.000000 -2.500000 0.602000 0.000000 0.170000 0.000000
v 2.500000 -2.500000 0.602000 0.000000 0.170000 0.000000
v 3.000000 -3.000000 0.602000 0.000000 0.170000 0.000000
v 2.500000 -3.000000 0.602000 0.000000 0.170000 0.000000
v 3.000000 3.000000 0.602000 0.000000 0.170000 0.000000
v 2.500000 3.000000 0.602000 0.000000 0.170000 0.000000
v 3.000000 2.500000 0.602000 0.000000 0.170000 0.000000
v 2.500000 2.500000 0.602000 0.000000 0.170000 0.000000
v 3.000000 0.250000 0.603000 0.000000 0.170000 0.000000
v 2.500000 0.250000 0.603000 0.000000 0.170000 0.000000
v 3.000000 -0.250000 0.603000 0.000000 0.170000 0.000000
v 2.500000 -0.250000 0.603000 0.000000 0.170000 0.000000
v -2.250000 0.500000 0.602000 0.800000 0.800000 0.800000
v -3.000000 0.500000 0.602000 0.800000 0.800000 0.800000
v -2.250000 -0.500000 0.602000 0.800000 0.800000 0.800000
v -3.000000 -0.500000 0.602000 0.800000 0.800000 0.800000
v 3.000000 0.500000 0.602000 0.800000 0.800000 0.800000
v 2.250000 0.500000 0.602000 0.800000 0.800000 0.800000
v 3.000000 -0.500000 0.602000 0.800000 0.800000 0.800000
v 2.250000 -0.500000 0.602000 0.800000 0.800000 0.800000
v -1.000000 -1.000000 0.901000 0.000000 0.170000 0.000000
v -1.500000 -1.000000 0.901000 0.000000 0.170000 0.000000
v -1.000000 -1.500000 0.901000 0.000000 0.170000 0.000000
v -1.500000 -1.500000 0.901000 0.000000 0.170000 0.000000
v 1.500000 -1.000000 0.901000 0.000000 0.170000 0.000000
v 1.000000 -1.000000 0.901000 0.000000 0.170000 0.000000
v 1.500000 -1.500000 0.901000 0.000000 0.170000 0.000000
v 1.000000 -1.500000 0.901000 0.000000 0.170000 0.000000
v 1.500000 1.500000 0.901000 0.000000 0.170000 0.000000
v 1.000000 1.500000 0.901000 0.000000 0.170000 0.000000
v 1.500000 1.000000 0.901000 0.000000 0.170000 0.000000
v 1.000000 1.000000 0.901000 0.000000 0.170000 0.000000
v -1.000000 1.500000 0.901000 0.000000 0.170000 0.000000
v -1.500000 1.500000 0.901000 0.000000 0.170000 0.000000
v -1.000000 1.000000 0.901000 0.000000 0.170000 0.000000
v -1.500000 1.000000 0.901000 0.000000 0.170000 0.000000
v 3.000000 2.250000 0.602000 0.800000 0.000000 0.000000
v 2.300000 2.250000 0.602000 0.800000 0.000000 0.000000
v 3.000000 1.550000 0.602000 0.800000 0.000000 0.000000
v 2.300000 1.550000 0.602000 0.800000 0.000000 0.000000
v 3.000000 -1.550000 0.602000 0.010000 0.010000 0.800000
v 2.300000 -1.550000 0.602000 0.010000 0.010000 0.800000
v 3.000000 -2.250000 0.602000 0.010000 0.010000 0.800000
v 2.300000 -2.250000 0.602000 0.010000 0.010000 0.800000
v 4.262250 0.075002 0.000000 0.140000 0.050000 0.050000
v 4.225000 0.112248 0.000000 0.140000 0.050000 0.050000
v 4.245460 0.095459 0.000000 0.140000 0.050000 0.050000
v 4.274720 0.051662 0.000000 0.140000 0.050000 0.050000
v 4.282410 0.026337 0.000000 0.140000 0.050000 0.050000
v 4.201660 0.124724 0.000000 0.140000 0.050000 0.050000
v 4.176340 0.132406 0.000000 0.140000 0.050000 0.050000
v 4.262250 0.075002 0.500000 0.140000 0.050000 0.050000
v 4.225000 0.112248 0.500000 0.140000 0.050000 0.050000
v 4.245460 0.095459 0.500000 0.140000 0.050000 0.050000
v 4.274720 0.051662 0.500000 0.140000 0.050000 0.050000
v 4.282410 0.026337 0.500000 0.140000 0.050000 0.050000
v 4.219140 0.046195 0.461732 0.140000 0.050000 0.050000
v 4.231550 0.033780 0.480491 0.140000 0.050000 0.050000
v 4.233150 0.034441 0.500000 0.140000 0.050000 0.050000
v 4.223390 0.049041 0.480491 0.140000 0.050000 0.050000
v 4.224830 0.050001 0.500000 0.140000 0.050000 0.050000
v 4.236570 0.017221 0.480491 0.140000 0.050000 0.050000
v 4.238270 0.017558 0.500000 0.140000 0.050000 0.050000
v 4.226820 0.031820 0.461732 0.140000 0.050000 0.050000
v 4.219140 0.028637 0.444443 0.140000 0.050000 0.050000
v 4.231550 0.016222 0.461732 0.140000 0.050000 0.050000
v 4.223390 0.014599 0.444443 0.140000 0.050000 0.050000
v 4.201660 0.124724 0.500000 0.140000 0.050000 0.050000
v 4.196200 0.069136 0.461732 0.140000 0.050000 0.050000
v 4.199040 0.073394 0.480491 0.140000 0.050000 0.050000
v 4.200000 0.074832 0.500000 0.140000 0.050000 0.050000
v 4.183780 0.081551 0.480491 0.140000 0.050000 0.050000
v 4.184440 0.083149 0.500000 0.140000 0.050000 0.050000
v 4.176340 0.132406 0.500000 0.140000 0.050000 0.050000
v 4.167220 0.086575 0.480491 0.140000 0.050000 0.050000
v 4.167560 0.088271 0.500000 0.140000 0.050000 0.050000
v 4.181820 0.076820 0.461732 0.140000 0.050000 0.050000
v 4.178640 0.069136 0.444443 0.140000 0.050000 0.050000
v 4.150000 0.088271 0.480491 0.140000 0.050000 0.050000
v 4.150000 0.090000 0.500000 0.140000 0.050000 0.050000
v 4.166220 0.081551 0.461732 0.140000 0.050000 0.050000
v 4.164600 0.073394 0.444443 0.140000 0.050000 0.050000
v 4.150000 0.074832 0.444443 0.140000 0.050000 0.050000
v 4.202910 0.035356 0.429289 0.140000 0.050000 0.050000
v 4.185360 0.052914 0.429289 0.140000 0.050000 0.050000
v 4.195000 0.045000 0.429289 0.140000 0.050000 0.050000
v 4.185360 0.035356 0.416853 0.140000 0.050000 0.050000
v 4.202910 0.052914 0.444443 0.140000 0.050000 0.050000
v 4.208800 0.058795 0.461732 0.140000 0.050000 0.050000
v 4.212420 0.062417 0.480491 0.140000 0.050000 0.050000
v 4.213640 0.063640 0.500000 0.140000 0.050000 0.050000
v 4.212220 0.041575 0.444443 0.140000 0.050000 0.050000
v 4.191570 0.062221 0.444443 0.140000 0.050000 0.050000
v 4.208800 0.024354 0.429289 0.140000 0.050000 0.050000
v 4.212420 0.012415 0.429289 0.140000 0.050000 0.050000
v 4.196200 0.019135 0.416853 0.140000 0.050000 0.050000
v 4.191570 0.027779 0.416853 0.140000 0.050000 0.050000
v 4.199040 0.009755 0.416853 0.140000 0.050000 0.050000
v 4.183780 0.006719 0.407612 0.140000 0.050000 0.050000
v 4.174350 0.058795 0.429289 0.140000 0.050000 0.050000
v 4.177780 0.041575 0.416853 0.140000 0.050000 0.050000
v 4.169130 0.046195 0.416853 0.140000 0.050000 0.050000
v 4.162420 0.062417 0.429289 0.140000 0.050000 0.050000
v 4.150000 0.063640 0.429289 0.140000 0.050000 0.050000
v 4.159750 0.049041 0.416853 0.140000 0.050000 0.050000
v 4.150000 0.050001 0.416853 0.140000 0.050000 0.050000
v 4.156720 0.033780 0.407612 0.140000 0.050000 0.050000
v 4.150000 0.034441 0.407612 0.140000 0.050000 0.050000
v 4.178640 0.019135 0.407612 0.140000 0.050000 0.050000
v 4.169130 0.028637 0.407612 0.140000 0.050000 0.050000
v 4.174350 0.024354 0.407612 0.140000 0.050000 0.050000
v 4.167220 0.003425 0.401921 0.140000 0.050000 0.050000
v 4.181820 0.013180 0.407612 0.140000 0.050000 0.050000
v 4.153430 0.017221 0.401921 0.140000 0.050000 0.050000
v 4.150000 0.017558 0.401921 0.140000 0.050000 0.050000
v 4.163180 0.031820 0.407612 0.140000 0.050000 0.050000
v 4.164600 0.009755 0.401921 0.140000 0.050000 0.050000
v 4.159750 0.014599 0.401921 0.140000 0.050000 0.050000
v 4.162420 0.012415 0.401921 0.140000 0.050000 0.050000
v 4.166220 0.006719 0.401921 0.140000 0.050000 0.050000
v 4.156720 0.016222 0.401921 0.140000 0.050000 0.050000
v 4.285000 0.000000 0.000000 0.140000 0.050000 0.050000
v 4.282410 -0.026337 0.000000 0.140000 0.050000 0.050000
v 4.274720 -0.051662 0.000000 0.140000 0.050000 0.050000
v 4.262250 -0.075002 0.000000 0.140000 0.050000 0.050000
v 4.245460 -0.095459 0.000000 0.140000 0.050000 0.050000
v 4.225000 -0.112248 0.000000 0.140000 0.050000 0.050000
v 4.201660 -0.124724 0.000000 0.140000 0.050000 0.050000
v 4.176340 -0.132406 0.000000 0.140000 0.050000 0.050000
v 4.285000 0.000000 0.500000 0.140000 0.050000 0.050000
v 4.282410 -0.026337 0.500000 0.140000 0.050000 0.050000
v 4.274720 -0.051662 0.500000 0.140000 0.050000 0.050000
v 4.238270 -0.000000 0.480491 0.140000 0.050000 0.050000
v 4.240000 -0.000000 0.500000 0.140000 0.050000 0.050000
v 4.236570 -0.017221 0.480491 0.140000 0.050000 0.050000
v 4.238270 -0.017558 0.500000 0.140000 0.050000 0.050000
v 4.233150 -0.000000 0.461732 0.140000 0.050000 0.050000
v 4.231550 -0.016222 0.461732 0.140000 0.050000 0.050000
v 4.224830 -0.000000 0.444443 0.140000 0.050000 0.050000
v 4.223390 -0.014599 0.444443 0.140000 0.050000 0.050000
v 4.226820 -0.031820 0.461732 0.140000 0.050000 0.050000
v 4.219140 -0.028637 0.444443 0.140000 0.050000 0.050000
v 4.219140 -0.046195 0.461732 0.140000 0.050000 0.050000
v 4.231550 -0.033780 0.480491 0.140000 0.050000 0.050000
v 4.233150 -0.034441 0.500000 0.140000 0.050000 0.050000
v 4.223390 -0.049041 0.480491 0.140000 0.050000 0.050000
v 4.224830 -0.050001 0.500000 0.140000 0.050000 0.050000
v 4.262250 -0.075002 0.500000 0.140000 0.050000 0.050000
v 4.245460 -0.095459 0.500000 0.140000 0.050000 0.050000
v 4.225000 -0.112248 0.500000 0.140000 0.050000 0.050000
v 4.213640 -0.000000 0.429289 0.140000 0.050000 0.050000
v 4.212420 -0.012415 0.429289 0.140000 0.050000 0.050000
v 4.208800 -0.024354 0.429289 0.140000 0.050000 0.050000
v 4.200000 -0.000000 0.416853 0.140000 0.050000 0.050000
v 4.199040 -0.009755 0.416853 0.140000 0.050000 0.050000
v 4.184440 -0.000000 0.407612 0.140000 0.050000 0.050000
v 4.183780 -0.006719 0.407612 0.140000 0.050000 0.050000
v 4.196200 -0.019135 0.416853 0.140000 0.050000 0.050000
v 4.191570 -0.027779 0.416853 0.140000 0.050000 0.050000
v 4.202910 -0.035356 0.429289 0.140000 0.050000 0.050000
v 4.195000 -0.045000 0.429289 0.140000 0.050000 0.050000
v 4.185360 -0.035356 0.416853 0.140000 0.050000 0.050000
v 4.185360 -0.052914 0.429289 0.140000 0.050000 0.050000
v 4.212220 -0.041575 0.444443 0.140000 0.050000 0.050000
v 4.202910 -0.052914 0.444443 0.140000 0.050000 0.050000
v 4.208800 -0.058795 0.461732 0.140000 0.050000 0.050000
v 4.212420 -0.062417 0.480491 0.140000 0.050000 0.050000
v 4.213640 -0.063640 0.500000 0.140000 0.050000 0.050000
v 4.191570 -0.062221 0.444443 0.140000 0.050000 0.050000
v 4.167560 -0.000000 0.401921 0.140000 0.050000 0.050000
v 4.167220 -0.003425 0.401921 0.140000 0.050000 0.050000
v 4.181820 -0.013180 0.407612 0.140000 0.050000 0.050000
v 4.178640 -0.019135 0.407612 0.140000 0.050000 0.050000
v 4.174350 -0.024354 0.407612 0.140000 0.050000 0.050000
v 4.169130 -0.028637 0.407612 0.140000 0.050000 0.050000
v 4.166220 -0.006719 0.401921 0.140000 0.050000 0.050000
v 4.164600 -0.009755 0.401921 0.140000 0.050000 0.050000
v 4.162420 -0.012415 0.401921 0.140000 0.050000 0.050000
v 4.159750 -0.014599 0.401921 0.140000 0.050000 0.050000
v 4.156720 -0.016222 0.401921 0.140000 0.050000 0.050000
v 4.153430 -0.017221 0.401921 0.140000 0.050000 0.050000
v 4.163180 -0.031820 0.407612 0.140000 0.050000 0.050000
v 4.177780 -0.041575 0.416853 0.140000 0.050000 0.050000
v 4.169130 -0.046195 0.416853 0.140000 0.050000 0.050000
v 4.174350 -0.058795 0.429289 0.140000 0.050000 0.050000
v 4.159750 -0.049041 0.416853 0.140000 0.050000 0.050000
v 4.156720 -0.033780 0.407612 0.140000 0.050000 0.050000
v 4.162420 -0.062417 0.429289 0.140000 0.050000 0.050000
v 4.196200 -0.069136 0.461732 0.140000 0.050000 0.050000
v 4.199040 -0.073394 0.480491 0.140000 0.050000 0.050000
v 4.200000 -0.074832 0.500000 0.140000 0.050000 0.050000
v 4.183780 -0.081551 0.480491 0.140000 0.050000 0.050000
v 4.184440 -0.083149 0.500000 0.140000 0.050000 0.050000
v 4.201660 -0.124724 0.500000 0.140000 0.050000 0.050000
v 4.178640 -0.069136 0.444443 0.140000 0.050000 0.050000
v 4.181820 -0.076820 0.461732 0.140000 0.050000 0.050000
v 4.167220 -0.086575 0.480491 0.140000 0.050000 0.050000
v 4.167560 -0.088271 0.500000 0.140000 0.050000 0.050000
v 4.164600 -0.073394 0.444443 0.140000 0.050000 0.050000
v 4.166220 -0.081551 0.461732 0.140000 0.050000 0.050000
v 4.176340 -0.132406 0.500000 0.140000 0.050000 0.050000
v 4.150000 0.135000 0.000000 0.140000 0.050000 0.050000
v 4.123660 0.132406 0.000000 0.140000 0.050000 0.050000
v 4.098340 0.124724 0.000000 0.140000 0.050000 0.050000
v 4.075000 0.112248 0.000000 0.140000 0.050000 0.050000
v 4.054540 0.095459 0.000000 0.140000 0.050000 0.050000
v 4.037750 0.075002 0.000000 0.140000 0.050000 0.050000
v 4.025280 0.051662 0.000000 0.140000 0.050000 0.050000
v 4.017590 0.026337 0.000000 0.140000 0.050000 0.050000
v 4.150000 0.135000 0.500000 0.140000 0.050000 0.050000
v 4.123660 0.132406 0.500000 0.140000 0.050000 0.050000
v 4.150000 0.083149 0.461732 0.140000 0.050000 0.050000
v 4.133780 0.081551 0.461732 0.140000 0.050000 0.050000
v 4.135400 0.073394 0.444443 0.140000 0.050000 0.050000
v 4.132780 0.086575 0.480491 0.140000 0.050000 0.050000
v 4.132440 0.088271 0.500000 0.140000 0.050000 0.050000
v 4.118180 0.076820 0.461732 0.140000 0.050000 0.050000
v 4.121360 0.069136 0.444443 0.140000 0.050000 0.050000
v 4.098340 0.124724 0.500000 0.140000 0.050000 0.050000
v 4.103810 0.069136 0.461732 0.140000 0.050000 0.050000
v 4.116220 0.081551 0.480491 0.140000 0.050000 0.050000
v 4.115560 0.083149 0.500000 0.140000 0.050000 0.050000
v 4.100960 0.073394 0.480491 0.140000 0.050000 0.050000
v 4.100000 0.074832 0.500000 0.140000 0.050000 0.050000
v 4.137580 0.062417 0.429289 0.140000 0.050000 0.050000
v 4.143280 0.033780 0.407612 0.140000 0.050000 0.050000
v 4.140250 0.049041 0.416853 0.140000 0.050000 0.050000
v 4.125650 0.058795 0.429289 0.140000 0.050000 0.050000
v 4.130870 0.046195 0.416853 0.140000 0.050000 0.050000
v 4.122220 0.041575 0.416853 0.140000 0.050000 0.050000
v 4.146570 0.017221 0.401921 0.140000 0.050000 0.050000
v 4.136820 0.031820 0.407612 0.140000 0.050000 0.050000
v 4.143280 0.016222 0.401921 0.140000 0.050000 0.050000
v 4.140250 0.014599 0.401921 0.140000 0.050000 0.050000
v 4.137580 0.012415 0.401921 0.140000 0.050000 0.050000
v 4.135400 0.009755 0.401921 0.140000 0.050000 0.050000
v 4.133780 0.006719 0.401921 0.140000 0.050000 0.050000
v 4.130870 0.028637 0.407612 0.140000 0.050000 0.050000
v 4.125650 0.024354 0.407612 0.140000 0.050000 0.050000
v 4.121360 0.019135 0.407612 0.140000 0.050000 0.050000
v 4.132780 0.003425 0.401921 0.140000 0.050000 0.050000
v 4.132440 0.000000 0.401921 0.140000 0.050000 0.050000
v 4.118180 0.013180 0.407612 0.140000 0.050000 0.050000
v 4.114640 0.052914 0.429289 0.140000 0.050000 0.050000
v 4.114640 0.035356 0.416853 0.140000 0.050000 0.050000
v 4.105000 0.045000 0.429289 0.140000 0.050000 0.050000
v 4.097090 0.035356 0.429289 0.140000 0.050000 0.050000
v 4.108430 0.062221 0.444443 0.140000 0.050000 0.050000
v 4.097090 0.052914 0.444443 0.140000 0.050000 0.050000
v 4.091200 0.058795 0.461732 0.140000 0.050000 0.050000
v 4.087580 0.062417 0.480491 0.140000 0.050000 0.050000
v 4.086360 0.063640 0.500000 0.140000 0.050000 0.050000
v 4.087780 0.041575 0.444443 0.140000 0.050000 0.050000
v 4.108430 0.027779 0.416853 0.140000 0.050000 0.050000
v 4.103810 0.019135 0.416853 0.140000 0.050000 0.050000
v 4.116220 0.006719 0.407612 0.140000 0.050000 0.050000
v 4.115560 0.000000 0.407612 0.140000 0.050000 0.050000
v 4.100960 0.009755 0.416853 0.140000 0.050000 0.050000
v 4.100000 0.000000 0.416853 0.140000 0.050000 0.050000
v 4.091200 0.024354 0.429289 0.140000 0.050000 0.050000
v 4.087580 0.012415 0.429289 0.140000 0.050000 0.050000
v 4.075000 0.112248 0.500000 0.140000 0.050000 0.050000
v 4.054540 0.095459 0.500000 0.140000 0.050000 0.050000
v 4.037750 0.075002 0.500000 0.140000 0.050000 0.050000
v 4.080860 0.046195 0.461732 0.140000 0.050000 0.050000
v 4.076610 0.049041 0.480491 0.140000 0.050000 0.050000
v 4.075170 0.050001 0.500000 0.140000 0.050000 0.050000
v 4.068450 0.033780 0.480491 0.140000 0.050000 0.050000
v 4.066850 0.034441 0.500000 0.140000 0.050000 0.050000
v 4.080860 0.028637 0.444443 0.140000 0.050000 0.050000
v 4.073180 0.031820 0.461732 0.140000 0.050000 0.050000
v 4.076610 0.014599 0.444443 0.140000 0.050000 0.050000
v 4.075170 0.000000 0.444443 0.140000 0.050000 0.050000
v 4.068450 0.016222 0.461732 0.140000 0.050000 0.050000
v 4.063430 0.017221 0.480491 0.140000 0.050000 0.050000
v 4.061730 0.017558 0.500000 0.140000 0.050000 0.050000
v 4.061730 0.000000 0.480491 0.140000 0.050000 0.050000
v 4.060000 0.000000 0.500000 0.140000 0.050000 0.050000
v 4.025280 0.051662 0.500000 0.140000 0.050000 0.050000
v 4.017590 0.026337 0.500000 0.140000 0.050000 0.050000
v 4.150000 -0.135000 0.000000 0.140000 0.050000 0.050000
v 4.123660 -0.132406 0.000000 0.140000 0.050000 0.050000
v 4.098340 -0.124724 0.000000 0.140000 0.050000 0.050000
v 4.015000 0.000000 0.000000 0.140000 0.050000 0.050000
v 4.017590 -0.026337 0.000000 0.140000 0.050000 0.050000
v 4.025280 -0.051662 0.000000 0.140000 0.050000 0.050000
v 4.054540 -0.095459 0.000000 0.140000 0.050000 0.050000
v 4.075000 -0.112248 0.000000 0.140000 0.050000 0.050000
v 4.037750 -0.075002 0.000000 0.140000 0.050000 0.050000
v 4.150000 0.000000 0.400000 0.140000 0.050000 0.050000
v 4.143280 -0.016222 0.401921 0.140000 0.050000 0.050000
v 4.133780 -0.006719 0.401921 0.140000 0.050000 0.050000
v 4.137580 -0.012415 0.401921 0.140000 0.050000 0.050000
v 4.140250 -0.014599 0.401921 0.140000 0.050000 0.050000
v 4.135400 -0.009755 0.401921 0.140000 0.050000 0.050000
v 4.150000 -0.017558 0.401921 0.140000 0.050000 0.050000
v 4.146570 -0.017221 0.401921 0.140000 0.050000 0.050000
v 4.136820 -0.031820 0.407612 0.140000 0.050000 0.050000
v 4.132780 -0.003425 0.401921 0.140000 0.050000 0.050000
v 4.118180 -0.013180 0.407612 0.140000 0.050000 0.050000
v 4.125650 -0.024354 0.407612 0.140000 0.050000 0.050000
v 4.130870 -0.028637 0.407612 0.140000 0.050000 0.050000
v 4.121360 -0.019135 0.407612 0.140000 0.050000 0.050000
v 4.150000 -0.034441 0.407612 0.140000 0.050000 0.050000
v 4.143280 -0.033780 0.407612 0.140000 0.050000 0.050000
v 4.150000 -0.050001 0.416853 0.140000 0.050000 0.050000
v 4.140250 -0.049041 0.416853 0.140000 0.050000 0.050000
v 4.150000 -0.063640 0.429289 0.140000 0.050000 0.050000
v 4.137580 -0.062417 0.429289 0.140000 0.050000 0.050000
v 4.130870 -0.046195 0.416853 0.140000 0.050000 0.050000
v 4.122220 -0.041575 0.416853 0.140000 0.050000 0.050000
v 4.125650 -0.058795 0.429289 0.140000 0.050000 0.050000
v 4.116220 -0.006719 0.407612 0.140000 0.050000 0.050000
v 4.100960 -0.009755 0.416853 0.140000 0.050000 0.050000
v 4.108430 -0.027779 0.416853 0.140000 0.050000 0.050000
v 4.103810 -0.019135 0.416853 0.140000 0.050000 0.050000
v 4.086360 -0.000000 0.429289 0.140000 0.050000 0.050000
v 4.087580 -0.012415 0.429289 0.140000 0.050000 0.050000
v 4.091200 -0.024354 0.429289 0.140000 0.050000 0.050000
v 4.114640 -0.035356 0.416853 0.140000 0.050000 0.050000
v 4.105000 -0.045000 0.429289 0.140000 0.050000 0.050000
v 4.114640 -0.052914 0.429289 0.140000 0.050000 0.050000
v 4.097090 -0.035356 0.429289 0.140000 0.050000 0.050000
v 4.108430 -0.062221 0.444443 0.140000 0.050000 0.050000
v 4.087780 -0.041575 0.444443 0.140000 0.050000 0.050000
v 4.097090 -0.052914 0.444443 0.140000 0.050000 0.050000
v 4.091200 -0.058795 0.461732 0.140000 0.050000 0.050000
v 4.087580 -0.062417 0.480491 0.140000 0.050000 0.050000
v 4.086360 -0.063640 0.500000 0.140000 0.050000 0.050000
v 4.150000 -0.074832 0.444443 0.140000 0.050000 0.050000
v 4.150000 -0.083149 0.461732 0.140000 0.050000 0.050000
v 4.135400 -0.073394 0.444443 0.140000 0.050000 0.050000
v 4.133780 -0.081551 0.461732 0.140000 0.050000 0.050000
v 4.150000 -0.088271 0.480491 0.140000 0.050000 0.050000
v 4.150000 -0.090000 0.500000 0.140000 0.050000 0.050000
v 4.121360 -0.069136 0.444443 0.140000 0.050000 0.050000
v 4.118180 -0.076820 0.461732 0.140000 0.050000 0.050000
v 4.132780 -0.086575 0.480491 0.140000 0.050000 0.050000
v 4.132440 -0.088271 0.500000 0.140000 0.050000 0.050000
v 4.150000 -0.135000 0.500000 0.140000 0.050000 0.050000
v 4.123660 -0.132406 0.500000 0.140000 0.050000 0.050000
v 4.103810 -0.069136 0.461732 0.140000 0.050000 0.050000
v 4.116220 -0.081551 0.480491 0.140000 0.050000 0.050000
v 4.115560 -0.083149 0.500000 0.140000 0.050000 0.050000
v 4.100960 -0.073394 0.480491 0.140000 0.050000 0.050000
v 4.100000 -0.074832 0.500000 0.140000 0.050000 0.050000
v 4.098340 -0.124724 0.500000 0.140000 0.050000 0.050000
v 4.076610 -0.014599 0.444443 0.140000 0.050000 0.050000
v 4.066850 -0.000000 0.461732 0.140000 0.050000 0.050000
v 4.068450 -0.016222 0.461732 0.140000 0.050000 0.050000
v 4.080860 -0.028637 0.444443 0.140000 0.050000 0.050000
v 4.073180 -0.031820 0.461732 0.140000 0.050000 0.050000
v 4.063430 -0.017221 0.480491 0.140000 0.050000 0.050000
v 4.061730 -0.017558 0.500000 0.140000 0.050000 0.050000
v 4.080860 -0.046195 0.461732 0.140000 0.050000 0.050000
v 4.076610 -0.049041 0.480491 0.140000 0.050000 0.050000
v 4.075170 -0.050001 0.500000 0.140000 0.050000 0.050000
v 4.068450 -0.033780 0.480491 0.140000 0.050000 0.050000
v 4.066850 -0.034441 0.500000 0.140000 0.050000 0.050000
v 4.015000 0.000000 0.500000 0.140000 0.050000 0.050000
v 4.017590 -0.026337 0.500000 0.140000 0.050000 0.050000
v 4.025280 -0.051662 0.500000 0.140000 0.050000 0.050000
v 4.054540 -0.095459 0.500000 0.140000 0.050000 0.050000
v 4.075000 -0.112248 0.500000 0.140000 0.050000 0.050000
v 4.037750 -0.075002 0.500000 0.140000 0.050000 0.050000
v 0.112248 0.075002 0.900000 0.170000 0.040000 0.040000
v 0.075002 0.112248 0.900000 0.170000 0.040000 0.040000
v 0.095459 0.095459 0.900000 0.170000 0.040000 0.040000
v 0.124724 0.051662 0.900000 0.170000 0.040000 0.040000
v 0.132406 0.026337 0.900000 0.170000 0.040000 0.040000
v 0.051662 0.124724 0.900000 0.170000 0.040000 0.040000
v 0.026337 0.132406 0.900000 0.170000 0.040000 0.040000
v 0.112248 0.075002 1.700000 0.170000 0.040000 0.040000
v 0.075002 0.112248 1.700000 0.170000 0.040000 0.040000
v 0.095459 0.095459 1.700000 0.170000 0.040000 0.040000
v 0.124724 0.051662 1.700000 0.170000 0.040000 0.040000
v 0.132406 0.026337 1.700000 0.170000 0.040000 0.040000
v 0.081551 0.033780 1.680490 0.170000 0.040000 0.040000
v 0.083149 0.034441 1.700000 0.170000 0.040000 0.040000
v 0.069136 0.046195 1.661730 0.170000 0.040000 0.040000
v 0.073394 0.049041 1.680490 0.170000 0.040000 0.040000
v 0.074832 0.050001 1.700000 0.170000 0.040000 0.040000
v 0.086575 0.017221 1.680490 0.170000 0.040000 0.040000
v 0.088271 0.017558 1.700000 0.170000 0.040000 0.040000
v 0.069136 0.028637 1.644440 0.170000 0.040000 0.040000
v 0.076820 0.031820 1.661730 0.170000 0.040000 0.040000
v 0.073394 0.014599 1.644440 0.170000 0.040000 0.040000
v 0.081551 0.016222 1.661730 0.170000 0.040000 0.040000
v 0.051662 0.124724 1.700000 0.170000 0.040000 0.040000
v 0.046195 0.069136 1.661730 0.170000 0.040000 0.040000
v 0.049041 0.073394 1.680490 0.170000 0.040000 0.040000
v 0.050001 0.074832 1.700000 0.170000 0.040000 0.040000
v 0.033780 0.081551 1.680490 0.170000 0.040000 0.040000
v 0.034441 0.083149 1.700000 0.170000 0.040000 0.040000
v 0.026337 0.132406 1.700000 0.170000 0.040000 0.040000
v 0.017221 0.086575 1.680490 0.170000 0.040000 0.040000
v 0.017558 0.088271 1.700000 0.170000 0.040000 0.040000
v 0.028637 0.069136 1.644440 0.170000 0.040000 0.040000
v 0.031820 0.076820 1.661730 0.170000 0.040000 0.040000
v 0.000000 0.090000 1.700000 0.170000 0.040000 0.040000
v 0.000000 0.088271 1.680490 0.170000 0.040000 0.040000
v 0.014599 0.073394 1.644440 0.170000 0.040000 0.040000
v 0.000000 0.074832 1.644440 0.170000 0.040000 0.040000
v 0.016222 0.081551 1.661730 0.170000 0.040000 0.040000
v 0.052914 0.052914 1.644440 0.170000 0.040000 0.040000
v 0.063640 0.063640 1.700000 0.170000 0.040000 0.040000
v 0.062417 0.062417 1.680490 0.170000 0.040000 0.040000
v 0.058795 0.058795 1.661730 0.170000 0.040000 0.040000
v 0.062221 0.041575 1.644440 0.170000 0.040000 0.040000
v 0.052914 0.035356 1.629290 0.170000 0.040000 0.040000
v 0.041575 0.062221 1.644440 0.170000 0.040000 0.040000
v 0.035356 0.052914 1.629290 0.170000 0.040000 0.040000
v 0.045000 0.045000 1.629290 0.170000 0.040000 0.040000
v 0.035356 0.035356 1.616850 0.170000 0.040000 0.040000
v 0.058795 0.024354 1.629290 0.170000 0.040000 0.040000
v 0.062417 0.012415 1.629290 0.170000 0.040000 0.040000
v 0.046195 0.019135 1.616850 0.170000 0.040000 0.040000
v 0.041575 0.027779 1.616850 0.170000 0.040000 0.040000
v 0.049041 0.009755 1.616850 0.170000 0.040000 0.040000
v 0.033780 0.006719 1.607610 0.170000 0.040000 0.040000
v 0.024354 0.058795 1.629290 0.170000 0.040000 0.040000
v 0.027779 0.041575 1.616850 0.170000 0.040000 0.040000
v 0.019135 0.046195 1.616850 0.170000 0.040000 0.040000
v 0.012415 0.062417 1.629290 0.170000 0.040000 0.040000
v 0.000000 0.063640 1.629290 0.170000 0.040000 0.040000
v 0.009755 0.049041 1.616850 0.170000 0.040000 0.040000
v 0.000000 0.050001 1.616850 0.170000 0.040000 0.040000
v 0.006719 0.033780 1.607610 0.170000 0.040000 0.040000
v 0.000000 0.034441 1.607610 0.170000 0.040000 0.040000
v 0.028637 0.019135 1.607610 0.170000 0.040000 0.040000
v 0.019135 0.028637 1.607610 0.170000 0.040000 0.040000
v 0.024354 0.024354 1.607610 0.170000 0.040000 0.040000
v 0.031820 0.013180 1.607610 0.170000 0.040000 0.040000
v 0.017221 0.003425 1.601920 0.170000 0.040000 0.040000
v 0.013180 0.031820 1.607610 0.170000 0.040000 0.040000
v 0.003425 0.017221 1.601920 0.170000 0.040000 0.040000
v 0.000000 0.017558 1.601920 0.170000 0.040000 0.040000
v 0.014599 0.009755 1.601920 0.170000 0.040000 0.040000
v 0.009755 0.014599 1.601920 0.170000 0.040000 0.040000
v 0.012415 0.012415 1.601920 0.170000 0.040000 0.040000
v 0.016222 0.006719 1.601920 0.170000 0.040000 0.040000
v 0.006719 0.016222 1.601920 0.170000 0.040000 0.040000
v 0.135000 0.000000 0.900000 0.170000 0.040000 0.040000
v 0.132406 -0.026337 0.900000 0.170000 0.040000 0.040000
v 0.124724 -0.051662 0.900000 0.170000 0.040000 0.040000
v 0.112248 -0.075002 0.900000 0.170000 0.040000 0.040000
v 0.095459 -0.095459 0.900000 0.170000 0.040000 0.040000
v 0.075002 -0.112248 0.900000 0.170000 0.040000 0.040000
v 0.051662 -0.124724 0.900000 0.170000 0.040000 0.040000
v 0.026337 -0.132406 0.900000 0.170000 0.040000 0.040000
v 0.135000 0.000000 1.700000 0.170000 0.040000 0.040000
v 0.132406 -0.026337 1.700000 0.170000 0.040000 0.040000
v 0.124724 -0.051662 1.700000 0.170000 0.040000 0.040000
v 0.090000 -0.000000 1.700000 0.170000 0.040000 0.040000
v 0.088271 -0.000000 1.680490 0.170000 0.040000 0.040000
v 0.086575 -0.017221 1.680490 0.170000 0.040000 0.040000
v 0.088271 -0.017558 1.700000 0.170000 0.040000 0.040000
v 0.074832 -0.000000 1.644440 0.170000 0.040000 0.040000
v 0.073394 -0.014599 1.644440 0.170000 0.040000 0.040000
v 0.083149 -0.000000 1.661730 0.170000 0.040000 0.040000
v 0.081551 -0.016222 1.661730 0.170000 0.040000 0.040000
v 0.069136 -0.028637 1.644440 0.170000 0.040000 0.040000
v 0.076820 -0.031820 1.661730 0.170000 0.040000 0.040000
v 0.081551 -0.033780 1.680490 0.170000 0.040000 0.040000
v 0.083149 -0.034441 1.700000 0.170000 0.040000 0.040000
v 0.069136 -0.046195 1.661730 0.170000 0.040000 0.040000
v 0.073394 -0.049041 1.680490 0.170000 0.040000 0.040000
v 0.074832 -0.050001 1.700000 0.170000 0.040000 0.040000
v 0.112248 -0.075002 1.700000 0.170000 0.040000 0.040000
v 0.095459 -0.095459 1.700000 0.170000 0.040000 0.040000
v 0.075002 -0.112248 1.700000 0.170000 0.040000 0.040000
v 0.063640 -0.000000 1.629290 0.170000 0.040000 0.040000
v 0.062417 -0.012415 1.629290 0.170000 0.040000 0.040000
v 0.058795 -0.024354 1.629290 0.170000 0.040000 0.040000
v 0.050001 -0.000000 1.616850 0.170000 0.040000 0.040000
v 0.049041 -0.009755 1.616850 0.170000 0.040000 0.040000
v 0.034441 -0.000000 1.607610 0.170000 0.040000 0.040000
v 0.033780 -0.006719 1.607610 0.170000 0.040000 0.040000
v 0.046195 -0.019135 1.616850 0.170000 0.040000 0.040000
v 0.041575 -0.027779 1.616850 0.170000 0.040000 0.040000
v 0.062221 -0.041575 1.644440 0.170000 0.040000 0.040000
v 0.052914 -0.035356 1.629290 0.170000 0.040000 0.040000
v 0.052914 -0.052914 1.644440 0.170000 0.040000 0.040000
v 0.063640 -0.063640 1.700000 0.170000 0.040000 0.040000
v 0.062417 -0.062417 1.680490 0.170000 0.040000 0.040000
v 0.058795 -0.058795 1.661730 0.170000 0.040000 0.040000
v 0.045000 -0.045000 1.629290 0.170000 0.040000 0.040000
v 0.035356 -0.035356 1.616850 0.170000 0.040000 0.040000
v 0.035356 -0.052914 1.629290 0.170000 0.040000 0.040000
v 0.041575 -0.062221 1.644440 0.170000 0.040000 0.040000
v 0.031820 -0.013180 1.607610 0.170000 0.040000 0.040000
v 0.017558 -0.000000 1.601920 0.170000 0.040000 0.040000
v 0.017221 -0.003425 1.601920 0.170000 0.040000 0.040000
v 0.028637 -0.019135 1.607610 0.170000 0.040000 0.040000
v 0.024354 -0.024354 1.607610 0.170000 0.040000 0.040000
v 0.019135 -0.028637 1.607610 0.170000 0.040000 0.040000
v 0.016222 -0.006719 1.601920 0.170000 0.040000 0.040000
v 0.014599 -0.009755 1.601920 0.170000 0.040000 0.040000
v 0.012415 -0.012415 1.601920 0.170000 0.040000 0.040000
v 0.009755 -0.014599 1.601920 0.170000 0.040000 0.040000
v 0.006719 -0.016222 1.601920 0.170000 0.040000 0.040000
v 0.013180 -0.031820 1.607610 0.170000 0.040000 0.040000
v 0.003425 -0.017221 1.601920 0.170000 0.040000 0.040000
v 0.027779 -0.041575 1.616850 0.170000 0.040000 0.040000
v 0.019135 -0.046195 1.616850 0.170000 0.040000 0.040000
v 0.024354 -0.058795 1.629290 0.170000 0.040000 0.040000
v 0.009755 -0.049041 1.616850 0.170000 0.040000 0.040000
v 0.006719 -0.033780 1.607610 0.170000 0.040000 0.040000
v 0.012415 -0.062417 1.629290 0.170000 0.040000 0.040000
v 0.046195 -0.069136 1.661730 0.170000 0.040000 0.040000
v 0.049041 -0.073394 1.680490 0.170000 0.040000 0.040000
v 0.050001 -0.074832 1.700000 0.170000 0.040000 0.040000
v 0.033780 -0.081551 1.680490 0.170000 0.040000 0.040000
v 0.034441 -0.083149 1.700000 0.170000 0.040000 0.040000
v 0.051662 -0.124724 1.700000 0.170000 0.040000 0.040000
v 0.028637 -0.069136 1.644440 0.170000 0.040000 0.040000
v 0.031820 -0.076820 1.661730 0.170000 0.040000 0.040000
v 0.017221 -0.086575 1.680490 0.170000 0.040000 0.040000
v 0.017558 -0.088271 1.700000 0.170000 0.040000 0.040000
v 0.014599 -0.073394 1.644440 0.170000 0.040000 0.040000
v 0.016222 -0.081551 1.661730 0.170000 0.040000 0.040000
v 0.026337 -0.132406 1.700000 0.170000 0.040000 0.040000
v 0.000000 0.135000 0.900000 0.170000 0.040000 0.040000
v -0.026337 0.132406 0.900000 0.170000 0.040000 0.040000
v -0.051662 0.124724 0.900000 0.170000 0.040000 0.040000
v -0.075002 0.112248 0.900000 0.170000 0.040000 0.040000
v -0.095459 0.095459 0.900000 0.170000 0.040000 0.040000
v -0.112248 0.075002 0.900000 0.170000 0.040000 0.040000
v -0.124724 0.051662 0.900000 0.170000 0.040000 0.040000
v -0.132406 0.026337 0.900000 0.170000 0.040000 0.040000
v 0.000000 0.135000 1.700000 0.170000 0.040000 0.040000
v -0.026337 0.132406 1.700000 0.170000 0.040000 0.040000
v -0.014599 0.073394 1.644440 0.170000 0.040000 0.040000
v -0.000000 0.083149 1.661730 0.170000 0.040000 0.040000
v -0.016222 0.081551 1.661730 0.170000 0.040000 0.040000
v -0.017221 0.086575 1.680490 0.170000 0.040000 0.040000
v -0.017558 0.088271 1.700000 0.170000 0.040000 0.040000
v -0.028637 0.069136 1.644440 0.170000 0.040000 0.040000
v -0.031820 0.076820 1.661730 0.170000 0.040000 0.040000
v -0.051662 0.124724 1.700000 0.170000 0.040000 0.040000
v -0.033780 0.081551 1.680490 0.170000 0.040000 0.040000
v -0.034441 0.083149 1.700000 0.170000 0.040000 0.040000
v -0.046195 0.069136 1.661730 0.170000 0.040000 0.040000
v -0.049041 0.073394 1.680490 0.170000 0.040000 0.040000
v -0.050001 0.074832 1.700000 0.170000 0.040000 0.040000
v -0.012415 0.062417 1.629290 0.170000 0.040000 0.040000
v -0.006719 0.033780 1.607610 0.170000 0.040000 0.040000
v -0.009755 0.049041 1.616850 0.170000 0.040000 0.040000
v -0.024354 0.058795 1.629290 0.170000 0.040000 0.040000
v -0.019135 0.046195 1.616850 0.170000 0.040000 0.040000
v -0.027779 0.041575 1.616850 0.170000 0.040000 0.040000
v -0.003425 0.017221 1.601920 0.170000 0.040000 0.040000
v -0.013180 0.031820 1.607610 0.170000 0.040000 0.040000
v -0.006719 0.016222 1.601920 0.170000 0.040000 0.040000
v -0.009755 0.014599 1.601920 0.170000 0.040000 0.040000
v -0.012415 0.012415 1.601920 0.170000 0.040000 0.040000
v -0.014599 0.009755 1.601920 0.170000 0.040000 0.040000
v -0.016222 0.006719 1.601920 0.170000 0.040000 0.040000
v -0.019135 0.028637 1.607610 0.170000 0.040000 0.040000
v -0.024354 0.024354 1.607610 0.170000 0.040000 0.040000
v -0.028637 0.019135 1.607610 0.170000 0.040000 0.040000
v -0.017221 0.003425 1.601920 0.170000 0.040000 0.040000
v -0.017558 0.000000 1.601920 0.170000 0.040000 0.040000
v -0.031820 0.013180 1.607610 0.170000 0.040000 0.040000
v -0.041575 0.062221 1.644440 0.170000 0.040000 0.040000
v -0.035356 0.052914 1.629290 0.170000 0.040000 0.040000
v -0.035356 0.035356 1.616850 0.170000 0.040000 0.040000
v -0.045000 0.045000 1.629290 0.170000 0.040000 0.040000
v -0.052914 0.052914 1.644440 0.170000 0.040000 0.040000
v -0.058795 0.058795 1.661730 0.170000 0.040000 0.040000
v -0.062417 0.062417 1.680490 0.170000 0.040000 0.040000
v -0.063640 0.063640 1.700000 0.170000 0.040000 0.040000
v -0.052914 0.035356 1.629290 0.170000 0.040000 0.040000
v -0.062221 0.041575 1.644440 0.170000 0.040000 0.040000
v -0.041575 0.027779 1.616850 0.170000 0.040000 0.040000
v -0.046195 0.019135 1.616850 0.170000 0.040000 0.040000
v -0.033780 0.006719 1.607610 0.170000 0.040000 0.040000
v -0.034441 0.000000 1.607610 0.170000 0.040000 0.040000
v -0.049041 0.009755 1.616850 0.170000 0.040000 0.040000
v -0.050001 0.000000 1.616850 0.170000 0.040000 0.040000
v -0.058795 0.024354 1.629290 0.170000 0.040000 0.040000
v -0.062417 0.012415 1.629290 0.170000 0.040000 0.040000
v -0.075002 0.112248 1.700000 0.170000 0.040000 0.040000
v -0.095459 0.095459 1.700000 0.170000 0.040000 0.040000
v -0.112248 0.075002 1.700000 0.170000 0.040000 0.040000
v -0.069136 0.046195 1.661730 0.170000 0.040000 0.040000
v -0.073394 0.049041 1.680490 0.170000 0.040000 0.040000
v -0.074832 0.050001 1.700000 0.170000 0.040000 0.040000
v -0.081551 0.033780 1.680490 0.170000 0.040000 0.040000
v -0.083149 0.034441 1.700000 0.170000 0.040000 0.040000
v -0.069136 0.028637 1.644440 0.170000 0.040000 0.040000
v -0.076820 0.031820 1.661730 0.170000 0.040000 0.040000
v -0.073394 0.014599 1.644440 0.170000 0.040000 0.040000
v -0.074832 0.000000 1.644440 0.170000 0.040000 0.040000
v -0.081551 0.016222 1.661730 0.170000 0.040000 0.040000
v -0.086575 0.017221 1.680490 0.170000 0.040000 0.040000
v -0.088271 0.017558 1.700000 0.170000 0.040000 0.040000
v -0.088271 0.000000 1.680490 0.170000 0.040000 0.040000
v -0.090000 0.000000 1.700000 0.170000 0.040000 0.040000
v -0.124724 0.051662 1.700000 0.170000 0.040000 0.040000
v -0.132406 0.026337 1.700000 0.170000 0.040000 0.040000
v 0.000000 -0.135000 0.900000 0.170000 0.040000 0.040000
v -0.026337 -0.132406 0.900000 0.170000 0.040000 0.040000
v -0.051662 -0.124724 0.900000 0.170000 0.040000 0.040000
v -0.135000 0.000000 0.900000 0.170000 0.040000 0.040000
v -0.132406 -0.026337 0.900000 0.170000 0.040000 0.040000
v -0.124724 -0.051662 0.900000 0.170000 0.040000 0.040000
v -0.095459 -0.095459 0.900000 0.170000 0.040000 0.040000
v -0.075002 -0.112248 0.900000 0.170000 0.040000 0.040000
v -0.112248 -0.075002 0.900000 0.170000 0.040000 0.040000
v 0.000000 0.000000 1.600000 0.170000 0.040000 0.040000
v -0.006719 -0.016222 1.601920 0.170000 0.040000 0.040000
v -0.016222 -0.006719 1.601920 0.170000 0.040000 0.040000
v -0.012415 -0.012415 1.601920 0.170000 0.040000 0.040000
v -0.009755 -0.014599 1.601920 0.170000 0.040000 0.040000
v -0.014599 -0.009755 1.601920 0.170000 0.040000 0.040000
v -0.000000 -0.017558 1.601920 0.170000 0.040000 0.040000
v -0.003425 -0.017221 1.601920 0.170000 0.040000 0.040000
v -0.013180 -0.031820 1.607610 0.170000 0.040000 0.040000
v -0.017221 -0.003425 1.601920 0.170000 0.040000 0.040000
v -0.031820 -0.013180 1.607610 0.170000 0.040000 0.040000
v -0.024354 -0.024354 1.607610 0.170000 0.040000 0.040000
v -0.019135 -0.028637 1.607610 0.170000 0.040000 0.040000
v -0.028637 -0.019135 1.607610 0.170000 0.040000 0.040000
v -0.000000 -0.034441 1.607610 0.170000 0.040000 0.040000
v -0.006719 -0.033780 1.607610 0.170000 0.040000 0.040000
v -0.000000 -0.050001 1.616850 0.170000 0.040000 0.040000
v -0.009755 -0.049041 1.616850 0.170000 0.040000 0.040000
v -0.000000 -0.063640 1.629290 0.170000 0.040000 0.040000
v -0.012415 -0.062417 1.629290 0.170000 0.040000 0.040000
v -0.019135 -0.046195 1.616850 0.170000 0.040000 0.040000
v -0.027779 -0.041575 1.616850 0.170000 0.040000 0.040000
v -0.024354 -0.058795 1.629290 0.170000 0.040000 0.040000
v -0.033780 -0.006719 1.607610 0.170000 0.040000 0.040000
v -0.049041 -0.009755 1.616850 0.170000 0.040000 0.040000
v -0.041575 -0.027779 1.616850 0.170000 0.040000 0.040000
v -0.046195 -0.019135 1.616850 0.170000 0.040000 0.040000
v -0.063640 -0.000000 1.629290 0.170000 0.040000 0.040000
v -0.062417 -0.012415 1.629290 0.170000 0.040000 0.040000
v -0.058795 -0.024354 1.629290 0.170000 0.040000 0.040000
v -0.035356 -0.035356 1.616850 0.170000 0.040000 0.040000
v -0.045000 -0.045000 1.629290 0.170000 0.040000 0.040000
v -0.035356 -0.052914 1.629290 0.170000 0.040000 0.040000
v -0.041575 -0.062221 1.644440 0.170000 0.040000 0.040000
v -0.052914 -0.035356 1.629290 0.170000 0.040000 0.040000
v -0.062221 -0.041575 1.644440 0.170000 0.040000 0.040000
v -0.052914 -0.052914 1.644440 0.170000 0.040000 0.040000
v -0.058795 -0.058795 1.661730 0.170000 0.040000 0.040000
v -0.062417 -0.062417 1.680490 0.170000 0.040000 0.040000
v -0.063640 -0.063640 1.700000 0.170000 0.040000 0.040000
v 0.000000 -0.074832 1.644440 0.170000 0.040000 0.040000
v -0.014599 -0.073394 1.644440 0.170000 0.040000 0.040000
v -0.000000 -0.083149 1.661730 0.170000 0.040000 0.040000
v -0.016222 -0.081551 1.661730 0.170000 0.040000 0.040000
v 0.000000 -0.088271 1.680490 0.170000 0.040000 0.040000
v 0.000000 -0.090000 1.700000 0.170000 0.040000 0.040000
v -0.028637 -0.069136 1.644440 0.170000 0.040000 0.040000
v -0.031820 -0.076820 1.661730 0.170000 0.040000 0.040000
v -0.017221 -0.086575 1.680490 0.170000 0.040000 0.040000
v -0.017558 -0.088271 1.700000 0.170000 0.040000 0.040000
v 0.000000 -0.135000 1.700000 0.170000 0.040000 0.040000
v -0.026337 -0.132406 1.700000 0.170000 0.040000 0.040000
v -0.033780 -0.081551 1.680490 0.170000 0.040000 0.040000
v -0.034441 -0.083149 1.700000 0.170000 0.040000 0.040000
v -0.046195 -0.069136 1.661730 0.170000 0.040000 0.040000
v -0.049041 -0.073394 1.680490 0.170000 0.040000 0.040000
v -0.050001 -0.074832 1.700000 0.170000 0.040000 0.040000
v -0.051662 -0.124724 1.700000 0.170000 0.040000 0.040000
v -0.073394 -0.014599 1.644440 0.170000 0.040000 0.040000
v -0.083149 -0.000000 1.661730 0.170000 0.040000 0.040000
v -0.081551 -0.016222 1.661730 0.170000 0.040000 0.040000
v -0.069136 -0.028637 1.644440 0.170000 0.040000 0.040000
v -0.076820 -0.031820 1.661730 0.170000 0.040000 0.040000
v -0.086575 -0.017221 1.680490 0.170000 0.040000 0.040000
v -0.088271 -0.017558 1.700000 0.170000 0.040000 0.040000
v -0.069136 -0.046195 1.661730 0.170000 0.040000 0.040000
v -0.073394 -0.049041 1.680490 0.170000 0.040000 0.040000
v -0.074832 -0.050001 1.700000 0.170000 0.040000 0.040000
v -0.081551 -0.033780 1.680490 0.170000 0.040000 0.040000
v -0.083149 -0.034441 1.700000 0.170000 0.040000 0.040000
v -0.135000 0.000000 1.700000 0.170000 0.040000 0.040000
v -0.132406 -0.026337 1.700000 0.170000 0.040000 0.040000
v -0.124724 -0.051662 1.700000 0.170000 0.040000 0.040000
v -0.095459 -0.095459 1.700000 0.170000 0.040000 0.040000
v -0.075002 -0.112248 1.700000 0.170000 0.040000 0.040000
v -0.112248 -0.075002 1.700000 0.170000 0.040000 0.040000
v 3.000000 0.040000 0.602000 0.140000 0.020000 0.020000
v -3.000000 0.040000 0.602000 0.140000 0.020000 0.020000
v 3.000000 -0.040000 0.602000 0.140000 0.020000 0.020000
v -3.000000 -0.040000 0.602000 0.140000 0.020000 0.020000
v -3.700000 -0.450000 0.030000 0.800000 0.000000 0.000000
v -3.700000 -0.450000 0.230000 0.800000 0.000000 0.000000
v -3.700000 -0.550000 0.030000 0.800000 0.000000 0.000000
v -3.700000 -0.550000 0.230000 0.800000 0.000000 0.000000
v -3.900000 -0.450000 0.030000 0.800000 0.000000 0.000000
v -3.900000 -0.450000 0.230000 0.800000 0.000000 0.000000
v -3.900000 -0.550000 0.030000 0.800000 0.000000 0.000000
v -3.900000 -0.550000 0.230000 0.800000 0.000000 0.000000
v -3.700000 -0.350000 0.030000 0.000000 0.000000 0.800000
v -3.700000 -0.350000 0.230000 0.000000 0.000000 0.800000
v -3.700000 -0.450000 0.030000 0.000000 0.000000 0.800000
v -3.700000 -0.450000 0.230000 0.000000 0.000000 0.800000
v -3.900000 -0.350000 0.030000 0.000000 0.000000 0.800000
v -3.900000 -0.350000 0.230000 0.000000 0.000000 0.800000
v -3.900000 -0.450000 0.030000 0.000000 0.000000 0.800000
v -3.900000 -0.450000 0.230000 0.000000 0.000000 0.800000
v -3.700000 0.100000 0.030000 0.000000 0.000000 0.800000
v -3.700000 0.100000 0.230000 0.000000 0.000000 0.800000
v -3.700000 0.000000 0.030000 0.000000 0.000000 0.800000
v -3.700000 0.000000 0.230000 0.000000 0.000000 0.800000
v -3.900000 0.100000 0.030000 0.000000 0.000000 0.800000
v -3.900000 0.100000 0.230000 0.000000 0.000000 0.800000
v -3.900000 0.000000 0.030000 0.000000 0.000000 0.800000
v -3.900000 0.000000 0.230000 0.000000 0.000000 0.800000
v -3.700000 0.000000 0.030000 0.800000 0.000000 0.000000
v -3.700000 0.000000 0.230000 0.800000 0.000000 0.000000
v -3.700000 -0.100000 0.030000 0.800000 0.000000 0.000000
v -3.700000 -0.100000 0.230000 0.800000 0.000000 0.000000
v -3.900000 0.000000 0.030000 0.800000 0.000000 0.000000
v -3.900000 0.000000 0.230000 0.800000 0.000000 0.000000
v -3.900000 -0.100000 0.030000 0.800000 0.000000 0.000000
v -3.900000 -0.100000 0.230000 0.800000 0.000000 0.000000
v -3.700000 0.550000 0.030000 0.000000 0.000000 0.800000
v -3.700000 0.550000 0.230000 0.000000 0.000000 0.800000
v -3.700000 0.450000 0.030000 0.000000 0.000000 0.800000
v -3.700000 0.450000 0.230000 0.000000 0.000000 0.800000
v -3.900000 0.550000 0.030000 0.000000 0.000000 0.800000
v -3.900000 0.550000 0.230000 0.000000 0.000000 0.800000
v -3.900000 0.450000 0.030000 0.000000 0.000000 0.800000
v -3.900000 0.450000 0.230000 0.000000 0.000000 0.800000
v -3.700000 0.450000 0.030000 0.800000 0.000000 0.000000
v -3.700000 0.450000 0.230000 0.800000 0.000000 0.000000
v -3.700000 0.350000 0.030000 0.800000 0.000000 0.000000
v -3.700000 0.350000 0.230000 0.800000 0.000000 0.000000
v -3.900000 0.450000 0.030000 0.800000 0.000000 0.000000
v -3.900000 0.450000 0.230000 0.800000 0.000000 0.000000
v -3.900000 0.350000 0.030000 0.800000 0.000000 0.000000
v -3.900000 0.350000 0.230000 0.800000 0.000000 0.000000
v -3.900000 0.325000 0.030000 0.000000 0.000000 0.800000
v -3.900000 0.325000 0.230000 0.000000 0.000000 0.800000
v -3.900000 0.225000 0.030000 0.000000 0.000000 0.800000
v -3.900000 0.225000 0.230000 0.000000 0.000000 0.800000
v -4.100000 0.325000 0.030000 0.000000 0.000000 0.800000
v -4.100000 0.325000 0.230000 0.000000 0.000000 0.800000
v -4.100000 0.225000 0.030000 0.000000 0.000000 0.800000
v -4.100000 0.225000 0.230000 0.000000 0.000000 0.800000
v -3.900000 0.225000 0.030000 0.800000 0.000000 0.000000
v -3.900000 0.225000 0.230000 0.800000 0.000000 0.000000
v -3.900000 0.125000 0.030000 0.800000 0.000000 0.000000
v -3.900000 0.125000 0.230000 0.800000 0.000000 0.000000
v -4.100000 0.225000 0.030000 0.800000 0.000000 0.000000
v -4.100000 0.225000 0.230000 0.800000 0.000000 0.000000
v -4.100000 0.125000 0.030000 0.800000 0.000000 0.000000
v -4.100000 0.125000 0.230000 0.800000 0.000000 0.000000
v -3.900000 -0.125000 0.030000 0.000000 0.000000 0.800000
v -3.900000 -0.125000 0.230000 0.000000 0.000000 0.800000
v -3.900000 -0.225000 0.030000 0.000000 0.000000 0.800000
v -3.900000 -0.225000 0.230000 0.000000 0.000000 0.800000
v -4.100000 -0.125000 0.030000 0.000000 0.000000 0.800000
v -4.100000 -0.125000 0.230000 0.000000 0.000000 0.800000
v -4.100000 -0.225000 0.030000 0.000000 0.000000 0.800000
v -4.100000 -0.225000 0.230000 0.000000 0.000000 0.800000
v -3.900000 -0.225000 0.030000 0.800000 0.000000 0.000000
v -3.900000 -0.225000 0.230000 0.800000 0.000000 0.000000
v -3.900000 -0.325000 0.030000 0.800000 0.000000 0.000000
v -3.900000 -0.325000 0.230000 0.800000 0.000000 0.000000
v -4.100000 -0.225000 0.030000 0.800000 0.000000 0.000000
v -4.100000 -0.225000 0.230000 0.800000 0.000000 0.000000
v -4.100000 -0.325000 0.030000 0.800000 0.000000 0.000000
v -4.100000 -0.325000 0.230000 0.800000 0.000000 0.000000
v -4.100000 0.550000 0.030000 0.000000 0.000000 0.800000
v -4.100000 0.550000 0.230000 0.000000 0.000000 0.800000
v -4.100000 0.450000 0.030000 0.000000 0.000000 0.800000
v -4.100000 0.450000 0.230000 0.000000 0.000000 0.800000
v -4.300000 0.550000 0.030000 0.000000 0.000000 0.800000
v -4.300000 0.550000 0.230000 0.000000 0.000000 0.800000
v -4.300000 0.450000 0.030000 0.000000 0.000000 0.800000
v -4.300000 0.450000 0.230000 0.000000 0.000000 0.800000
v -4.100000 0.450000 0.030000 0.800000 0.000000 0.000000
v -4.100000 0.450000 0.230000 0.800000 0.000000 0.000000
v -4.100000 0.350000 0.030000 0.800000 0.000000 0.000000
v -4.100000 0.350000 0.230000 0.800000 0.000000 0.000000
v -4.300000 0.450000 0.030000 0.800000 0.000000 0.000000
v -4.300000 0.450000 0.230000 0.800000 0.000000 0.000000
v -4.300000 0.350000 0.030000 0.800000 0.000000 0.000000
v -4.300000 0.350000 0.230000 0.800000 0.000000 0.000000
v -4.100000 -0.350000 0.030000 0.000000 0.000000 0.800000
v -4.100000 -0.350000 0.230000 0.000000 0.000000 0.800000
v -4.100000 -0.450000 0.030000 0.000000 0.000000 0.800000
v -4.100000 -0.450000 0.230000 0.000000 0.000000 0.800000
v -4.300000 -0.350000 0.030000 0.000000 0.000000 0.800000
v -4.300000 -0.350000 0.230000 0.000000 0.000000 0.800000
v -4.300000 -0.450000 0.030000 0.000000 0.000000 0.800000
v -4.300000 -0.450000 0.230000 0.000000 0.000000 0.800000
v -4.100000 -0.450000 0.030000 0.800000 0.000000 0.000000
v -4.100000 -0.450000 0.230000 0.800000 0.000000 0.000000
v -4.100000 -0.550000 0.030000 0.800000 0.000000 0.000000
v -4.100000 -0.550000 0.230000 0.800000 0.000000 0.000000
v -4.300000 -0.450000 0.030000 0.800000 0.000000 0.000000
v -4.300000 -0.450000 0.230000 0.800000 0.000000 0.000000
v -4.300000 -0.550000 0.030000 0.800000 0.000000 0.000000
v -4.300000 -0.550000 0.230000 0.800000 0.000000 0.000000
v -4.300000 0.325000 0.030000 0.000000 0.000000 0.800000
v -4.300000 0.325000 0.230000 0.000000 0.000000 0.800000
v -4.300000 0.225000 0.030000 0.000000 0.000000 0.800000
v -4.300000 0.225000 0.230000 0.000000 0.000000 0.800000
v -4.500000 0.325000 0.030000 0.000000 0.000000 0.800000
v -4.500000 0.325000 0.230000 0.000000 0.000000 0.800000
v -4.500000 0.225000 0.030000 0.000000 0.000000 0.800000
v -4.500000 0.225000 0.230000 0.000000 0.000000 0.800000
v -4.300000 0.225000 0.030000 0.800000 0.000000 0.000000
v -4.300000 0.225000 0.230000 0.800000 0.000000 0.000000
v -4.300000 0.125000 0.030000 0.800000 0.000000 0.000000
v -4.300000 0.125000 0.230000 0.800000 0.000000 0.000000
v -4.500000 0.225000 0.030000 0.800000 0.000000 0.000000
v -4.500000 0.225000 0.230000 0.800000 0.000000 0.000000
v -4.500000 0.125000 0.030000 0.800000 0.000000 0.000000
v -4.500000 0.125000 0.230000 0.800000 0.000000 0.000000
v -4.300000 -0.125000 0.030000 0.000000 0.000000 0.800000
v -4.300000 -0.125000 0.230000 0.000000 0.000000 0.800000
v -4.300000 -0.225000 0.030000 0.000000 0.000000 0.800000
v -4.300000 -0.225000 0.230000 0.000000 0.000000 0.800000
v -4.500000 -0.125000 0.030000 0.000000 0.000000 0.800000
v -4.500000 -0.125000 0.230000 0.000000 0.000000 0.800000
v -4.500000 -0.225000 0.030000 0.000000 0.000000 0.800000
v -4.500000 -0.225000 0.230000 0.000000 0.000000 0.800000
v -4.300000 -0.225000 0.030000 0.800000 0.000000 0.000000
v -4.300000 -0.225000 0.230000 0.800000 0.000000 0.000000
v -4.300000 -0.325000 0.030000 0.800000 0.000000 0.000000
v -4.300000 -0.325000 0.230000 0.800000 0.000000 0.000000
v -4.500000 -0.225000 0.030000 0.800000 0.000000 0.000000
v -4.500000 -0.225000 0.230000 0.800000 0.000000 0.000000
v -4.500000 -0.325000 0.030000 0.800000 0.000000 0.000000
v -4.500000 -0.325000 0.230000 0.800000 0.000000 0.000000
v -4.500000 0.550000 0.030000 0.000000 0.000000 0.800000
v -4.500000 0.550000 0.230000 0.000000 0.000000 0.800000
v -4.500000 0.450000 0.030000 0.000000 0.000000 0.800000
v -4.500000 0.450000 0.230000 0.000000 0.000000 0.800000
v -4.700000 0.550000 0.030000 0.000000 0.000000 0.800000
v -4.700000 0.550000 0.230000 0.000000 0.000000 0.800000
v -4.700000 0.450000 0.030000 0.000000 0.000000 0.800000
v -4.700000 0.450000 0.230000 0.000000 0.000000 0.800000
v -4.500000 0.450000 0.030000 0.800000 0.000000 0.000000
v -4.500000 0.450000 0.230000 0.800000 0.000000 0.000000
v -4.500000 0.350000 0.030000 0.800000 0.000000 0.000000
v -4.500000 0.350000 0.230000 0.800000 0.000000 0.000000
v -4.700000 0.450000 0.030000 0.800000 0.000000 0.000000
v -4.700000 0.450000 0.230000 0.800000 0.000000 0.000000
v -4.700000 0.350000 0.030000 0.800000 0.000000 0.000000
v -4.700000 0.350000 0.230000 0.800000 0.000000 0.000000
v -4.500000 0.100000 0.030000 0.000000 0.000000 0.800000
v -4.500000 0.100000 0.230000 0.000000 0.000000 0.800000
v -4.500000 0.000000 0.030000 0.000000 0.000000 0.800000
v -4.500000 0.000000 0.230000 0.000000 0.000000 0.800000
v -4.700000 0.100000 0.030000 0.000000 0.000000 0.800000
v -4.700000 0.100000 0.230000 0.000000 0.000000 0.800000
v -4.700000 0.000000 0.030000 0.000000 0.000000 0.800000
v -4.700000 0.000000 0.230000 0.000000 0.000000 0.800000
v -4.500000 0.000000 0.030000 0.800000 0.000000 0.000000
v -4.500000 0.000000 0.230000 0.800000 0.000000 0.000000
v -4.500000 -0.100000 0.030000 0.800000 0.000000 0.000000
v -4.500000 -0.100000 0.230000 0.800000 0.000000 0.000000
v -4.700000 0.000000 0.030000 0.800000 0.000000 0.000000
v -4.700000 0.000000 0.230000 0.800000 0.000000 0.000000
v -4.700000 -0.100000 0.030000 0.800000 0.000000 0.000000
v -4.700000 -0.100000 0.230000 0.800000 0.000000 0.000000
v -4.500000 -0.350000 0.030000 0.000000 0.000000 0.800000
v -4.500000 -0.350000 0.230000 0.000000 0.000000 0.800000
v -4.500000 -0.450000 0.030000 0.000000 0.000000 0.800000
v -4.500000 -0.450000 0.230000 0.000000 0.000000 0.800000
v -4.700000 -0.350000 0.030000 0.000000 0.000000 0.800000
v -4.700000 -0.350000 0.230000 0.000000 0.000000 0.800000
v -4.700000 -0.450000 0.030000 0.000000 0.000000 0.800000
v -4.700000 -0.450000 0.230000 0.000000 0.000000 0.800000
v -4.500000 -0.450000 0.030000 0.800000 0.000000 0.000000
v -4.500000 -0.450000 0.230000 0.800000 0.000000 0.000000
v -4.500000 -0.550000 0.030000 0.800000 0.000000 0.000000
v -4.500000 -0.550000 0.230000 0.800000 0.000000 0.000000
v -4.700000 -0.450000 0.030000 0.800000 0.000000 0.000000
v -4.700000 -0.450000 0.230000 0.800000 0.000000 0.000000
v -4.700000 -0.550000 0.030000 0.800000 0.000000 0.000000
v -4.700000 -0.550000 0.230000 0.800000 0.000000 0.000000
v -4.100000 0.100000 0.030000 0.130000 0.000000 0.000000
v -4.300000 0.100000 0.030000 0.130000 0.000000 0.000000
v -4.100000 -0.100000 0.030000 0.130000 0.000000 0.000000
v -4.300000 -0.100000 0.030000 0.130000 0.000000 0.000000
vt 0.000000 0.000000
vt 1.000000 0.000000
vt 1.000000 1.000000
vt 0.000000 1.000000
vt 0.000000 0.000000
vt 1.000000 0.000000
vt 1.000000 1.000000
vt 0.000000 1.000000
vt 0.000000 0.000000
vt 1.000000 0.000000
vt 1.000000 1.000000
vt 0.000000 1.000000
vt 0.000000 0.000000
vt 1.000000 0.000000
vt 1.000000 1.000000
vt 0.000000 1.000000
vt 0.000000 0.000000
vt 1.000000 0.000000
vt 1.000000 1.000000
vt 0.000000 1.000000
vt 0.000000 0.000000
vt 1.000000 0.000000
vt 1.000000 1.000000
vt 0.000000 1.000000
vt 0.000000 0.000000
vt 1.000000 0.000000
vt 1.000000 1.000000
vt 0.000000 1.000000
vt 0.000000 0.000000
vt 1.000000 0.000000
vt 1.000000 1.000000
vt 0.000000 1.000000
vt 0.375000 0.000000
vt 0.625000 0.000000
vt 0.625000 0.250000
vt 0.375000 0.250000
vt 0.625000 0.500000
vt 0.375000 0.500000
vt 0.625000 0.750000
vt 0.375000 0.750000
vt 0.625000 1.000000
vt 0.375000 1.000000
vt 0.125000 0.500000
vt 0.125000 0.750000
vt 0.875000 0.500000
vt 0.875000 0.750000
vt 0.375000 0.000000
vt 0.625000 0.000000
vt 0.625000 0.250000
vt 0.375000 0.250000
vt 0.625000 0.500000
vt 0.375000 0.500000
vt 0.625000 0.750000
vt 0.375000 0.750000
vt 0.625000 1.000000
vt 0.375000 1.000000
vt 0.125000 0.500000
vt 0.125000 0.750000
vt 0.875000 0.500000
vt 0.875000 0.750000
vt 0.375000 0.000000
vt 0.625000 0.000000
vt 0.625000 0.250000
vt 0.375000 0.250000
vt 0.625000 0.500000
vt 0.375000 0.500000
vt 0.625000 0.750000
vt 0.375000 0.750000
vt 0.625000 1.000000
vt 0.375000 1.000000
vt 0.125000 0.500000
vt 0.125000 0.750000
vt 0.875000 0.500000
vt 0.875000 0.750000
vt 0.375000 0.000000
vt 0.625000 0.000000
vt 0.625000 0.250000
vt 0.375000 0.250000
vt 0.625000 0.500000
vt 0.375000 0.500000
vt 0.625000 0.750000
vt 0.375000 0.750000
vt 0.625000 1.000000
vt 0.375000 1.000000
vt 0.125000 0.500000
vt 0.125000 0.750000
vt 0.875000 0.500000
vt 0.875000 0.750000
vt 0.000000 0.000000
vt 1.000000 0.000000
vt 1.000000 1.000000
vt 0.000000 1.000000
vt 0.000000 0.000000
vt 1.000000 0.000000
vt 1.000000 1.000000
vt 0.000000 1.000000
vt 0.000000 0.000000
vt 1.000000 0.000000
vt 1.000000 1.000000
vt 0.000000 1.000000
vt 0.375000 0.000000
vt 0.625000 0.000000
vt 0.625000 0.250000
vt 0.375000 0.250000
vt 0.625000 0.500000
vt 0.375000 0.500000
vt 0.625000 0.750000
vt 0.375000 0.750000
vt 0.625000 1.000000
vt 0.375000 1.000000
vt 0.125000 0.500000
vt 0.125000 0.750000
vt 0.875000 0.500000
vt 0.875000 0.750000
vt 0.376409 0.000000
vt 0.625000 0.000000
vt 0.625000 0.250000
vt 0.376409 0.250000
vt 0.625000 0.500000
vt 0.623591 0.500000
vt 0.625000 0.750000
vt 0.623591 0.750000
vt 0.625000 1.000000
vt 0.376409 1.000000
vt 0.875000 0.500000
vt 0.875000 0.750000
vt 0.993044 0.000000
vt 0.006956 0.000000
vt 0.006956 1.000000
vt 0.993044 1.000000
vt 0.500000 0.000000
vt 0.625000 0.000000
vt 0.625000 0.250000
vt 0.500000 0.250000
vt 0.625000 0.500000
vt 0.500000 0.500000
vt 0.625000 0.750000
vt 0.500000 0.750000
vt 0.625000 1.000000
vt 0.500000 1.000000
vt 0.875000 0.500000
vt 0.875000 0.750000
vt 1.000000 0.000000
vt 0.000000 0.000000
vt 0.000000 1.000000
vt 1.000000 1.000000
vt 0.375000 0.000000
vt 0.625000 0.000000
vt 0.625000 0.250000
vt 0.375000 0.250000
vt 0.625000 0.500000
vt 0.375000 0.500000
vt 0.625000 0.750000
vt 0.375000 0.750000
vt 0.625000 1.000000
vt 0.375000 1.000000
vt 0.125000 0.500000
vt 0.125000 0.750000
vt 0.875000 0.500000
vt 0.875000 0.750000
vt 0.375000 0.000000
vt 0.625000 0.000000
vt 0.625000 0.250000
vt 0.375000 0.250000
vt 0.625000 0.500000
vt 0.375000 0.500000
vt 0.625000 0.750000
vt 0.375000 0.750000
vt 0.625000 1.000000
vt 0.375000 1.000000
vt 0.125000 0.500000
vt 0.125000 0.750000
vt 0.875000 0.500000
vt 0.875000 0.750000
vt 0.375000 0.000000
vt 0.625000 0.000000
vt 0.625000 0.250000
vt 0.375000 0.250000
vt 0.625000 0.500000
vt 0.375000 0.500000
vt 0.625000 0.750000
vt 0.375000 0.750000
vt 0.625000 1.000000
vt 0.375000 1.000000
vt 0.125000 0.500000
vt 0.125000 0.750000
vt 0.875000 0.500000
vt 0.875000 0.750000
vt 0.376409 0.000000
vt 0.625000 0.000000
vt 0.625000 0.250000
vt 0.376409 0.250000
vt 0.625000 0.500000
vt 0.623591 0.500000
vt 0.625000 0.750000
vt 0.623591 0.750000
vt 0.625000 1.000000
vt 0.376409 1.000000
vt 0.875000 0.500000
vt 0.875000 0.750000
vt 0.993044 0.000000
vt 0.006956 0.000000
vt 0.006956 1.000000
vt 0.993044 1.000000
vt 0.500000 0.000000
vt 0.625000 0.000000
vt 0.625000 0.250000
vt 0.500000 0.250000
vt 0.625000 0.500000
vt 0.500000 0.500000
vt 0.625000 0.750000
vt 0.500000 0.750000
vt 0.625000 1.000000
vt 0.500000 1.000000
vt 0.875000 0.500000
vt 0.875000 0.750000
vt 1.000000 0.000000
vt 0.000000 0.000000
vt 0.000000 1.000000
vt 1.000000 1.000000
vt 0.375000 0.000000
vt 0.625000 0.000000
vt 0.625000 0.250000
vt 0.375000 0.250000
vt 0.625000 0.500000
vt 0.375000 0.500000
vt 0.625000 0.750000
vt 0.375000 0.750000
vt 0.625000 1.000000
vt 0.375000 1.000000
vt 0.125000 0.500000
vt 0.125000 0.750000
vt 0.875000 0.500000
vt 0.875000 0.750000
vt 0.375000 0.000000
vt 0.625000 0.000000
vt 0.625000 0.250000
vt 0.375000 0.250000
vt 0.625000 0.500000
vt 0.375000 0.500000
vt 0.625000 0.750000
vt 0.375000 0.750000
vt 0.625000 1.000000
vt 0.375000 1.000000
vt 0.125000 0.500000
vt 0.125000 0.750000
vt 0.875000 0.500000
vt 0.875000 0.750000
vt 0.375000 0.000000
vt 0.625000 0.000000
vt 0.625000 0.250000
vt 0.375000 0.250000
vt 0.625000 0.500000
vt 0.375000 0.500000
vt 0.625000 0.750000
vt 0.375000 0.750000
vt 0.625000 1.000000
vt 0.375000 1.000000
vt 0.125000 0.500000
vt 0.125000 0.750000
vt 0.875000 0.500000
vt 0.875000 0.750000
vt 0.375000 0.000000
vt 0.625000 0.000000
vt 0.625000 0.250000
vt 0.375000 0.250000
vt 0.625000 0.500000
vt 0.375000 0.500000
vt 0.625000 0.750000
vt 0.375000 0.750000
vt 0.625000 1.000000
vt 0.375000 1.000000
vt 0.125000 0.500000
vt 0.125000 0.750000
vt 0.875000 0.500000
vt 0.875000 0.750000
vt 0.375000 0.000000
vt 0.625000 0.000000
vt 0.625000 0.250000
vt 0.375000 0.250000
vt 0.625000 0.500000
vt 0.375000 0.500000
vt 0.625000 0.750000
vt 0.375000 0.750000
vt 0.625000 1.000000
vt 0.375000 1.000000
vt 0.125000 0.500000
vt 0.125000 0.750000
vt 0.875000 0.500000
vt 0.875000 0.750000
vt 0.375000 0.000000
vt 0.625000 0.000000
vt 0.625000 0.250000
vt 0.375000 0.250000
vt 0.625000 0.500000
vt 0.375000 0.500000
vt 0.625000 0.750000
vt 0.375000 0.750000
vt 0.625000 1.000000
vt 0.375000 1.000000
vt 0.125000 0.500000
vt 0.125000 0.750000
vt 0.875000 0.500000
vt 0.875000 0.750000
vt 0.375000 0.000000
vt 0.625000 0.000000
vt 0.625000 0.250000
vt 0.375000 0.250000
vt 0.625000 0.500000
vt 0.375000 0.500000
vt 0.625000 0.750000
vt 0.375000 0.750000
vt 0.625000 1.000000
vt 0.375000 1.000000
vt 0.125000 0.500000
vt 0.125000 0.750000
vt 0.875000 0.500000
vt 0.875000 0.750000
vt 0.375000 0.000000
vt 0.625000 0.000000
vt 0.625000 0.250000
vt 0.375000 0.250000
vt 0.625000 0.500000
vt 0.375000 0.500000
vt 0.625000 0.750000
vt 0.375000 0.750000
vt 0.625000 1.000000
vt 0.375000 1.000000
vt 0.125000 0.500000
vt 0.125000 0.750000
vt 0.875000 0.500000
vt 0.875000 0.750000
vt 0.375000 0.000000
vt 0.625000 0.000000
vt 0.625000 0.250000
vt 0.375000 0.250000
vt 0.625000 0.500000
vt 0.375000 0.500000
vt 0.625000 0.750000
vt 0.375000 0.750000
vt 0.625000 1.000000
vt 0.375000 1.000000
vt 0.125000 0.500000
vt 0.125000 0.750000
vt 0.875000 0.500000
vt 0.875000 0.750000
vt 0.375000 0.000000
vt 0.625000 0.000000
vt 0.625000 0.250000
vt 0.375000 0.250000
vt 0.625000 0.500000
vt 0.375000 0.500000
vt 0.625000 0.750000
vt 0.375000 0.750000
vt 0.625000 1.000000
vt 0.375000 1.000000
vt 0.125000 0.500000
vt 0.125000 0.750000
vt 0.875000 0.500000
vt 0.875000 0.750000
vt 0.000000 0.000000
vt 1.000000 0.000000
vt 1.000000 1.000000
vt 0.000000 1.000000
vt 0.000000 0.000000
vt 1.000000 0.000000
vt 1.000000 1.000000
vt 0.000000 1.000000
vt 0.375000 0.000000
vt 0.625000 0.000000
vt 0.625000 0.250000
vt 0.375000 0.250000
vt 0.625000 0.500000
vt 0.375000 0.500000
vt 0.625000 0.750000
vt 0.375000 0.750000
vt 0.625000 1.000000
vt 0.375000 1.000000
vt 0.125000 0.500000
vt 0.125000 0.750000
vt 0.875000 0.500000
vt 0.875000 0.750000
vt 0.375000 0.000000
vt 0.625000 0.000000
vt 0.625000 0.250000
vt 0.375000 0.250000
vt 0.625000 0.500000
vt 0.375000 0.500000
vt 0.625000 0.750000
vt 0.375000 0.750000
vt 0.625000 1.000000
vt 0.375000 1.000000
vt 0.125000 0.500000
vt 0.125000 0.750000
vt 0.875000 0.500000
vt 0.875000 0.750000
vt 0.000000 0.000000
vt 1.000000 0.000000
vt 1.000000 1.000000
vt 0.000000 1.000000
vt 0.000000 0.000000
vt 1.000000 0.000000
vt 1.000000 1.000000
vt 0.000000 1.000000
vt 0.000000 0.000000
vt 1.000000 0.000000
vt 1.000000 1.000000
vt 0.000000 1.000000
vt 0.000000 0.000000
vt 1.000000 0.000000
vt 1.000000 1.000000
vt 0.000000 1.000000
vt 0.000000 0.000000
vt 1.000000 0.000000
vt 1.000000 1.000000
vt 0.000000 1.000000
vt 0.000000 0.000000
vt 1.000000 0.000000
vt 1.000000 1.000000
vt 0.000000 1.000000
vt 0.000000 0.000000
vt 1.000000 0.000000
vt 1.000000 1.000000
vt 0.000000 1.000000
vt 0.000000 0.000000
vt 1.000000 0.000000
vt 1.000000 1.000000
vt 0.000000 1.000000
vt 0.000000 0.000000
vt 1.000000 0.000000
vt 1.000000 1.000000
vt 0.000000 1.000000
vt 0.000000 0.000000
vt 1.000000 0.000000
vt 1.000000 1.000000
vt 0.000000 1.000000
vt 0.000000 0.000000
vt 1.000000 0.000000
vt 1.000000 1.000000
vt 0.000000 1.000000
vt 0.000000 0.000000
vt 1.000000 0.000000
vt 1.000000 1.000000
vt 0.000000 1.000000
vt 0.000000 0.000000
vt 1.000000 0.000000
vt 1.000000 1.000000
vt 0.000000 1.000000
vt 0.000000 0.000000
vt 1.000000 0.000000
vt 1.000000 1.000000
vt 0.000000 1.000000
vt 0.968750 1.000000
vt 0.968750 0.500000
vt 1.000000 0.500000
vt 1.000000 1.000000
vt 0.937500 1.000000
vt 0.937500 0.500000
vt 0.906250 1.000000
vt 0.906250 0.500000
vt 0.875000 1.000000
vt 0.875000 0.500000
vt 0.843750 1.000000
vt 0.843750 0.500000
vt 0.812500 1.000000
vt 0.812500 0.500000
vt 0.781250 1.000000
vt 0.781250 0.500000
vt 0.750000 1.000000
vt 0.750000 0.500000
vt 0.718750 1.000000
vt 0.718750 0.500000
vt 0.687500 1.000000
vt 0.687500 0.500000
vt 0.656250 1.000000
vt 0.656250 0.500000
vt 0.625000 1.000000
vt 0.625000 0.500000
vt 0.593750 1.000000
vt 0.593750 0.500000
vt 0.562500 1.000000
vt 0.562500 0.500000
vt 0.531250 1.000000
vt 0.531250 0.500000
vt 0.500000 1.000000
vt 0.500000 0.500000
vt 0.468750 1.000000
vt 0.468750 0.500000
vt 0.437500 1.000000
vt 0.437500 0.500000
vt 0.406250 1.000000
vt 0.406250 0.500000
vt 0.375000 1.000000
vt 0.375000 0.500000
vt 0.343750 1.000000
vt 0.343750 0.500000
vt 0.312500 1.000000
vt 0.312500 0.500000
vt 0.281250 1.000000
vt 0.281250 0.500000
vt 0.250000 1.000000
vt 0.250000 0.500000
vt 0.218750 1.000000
vt 0.218750 0.500000
vt 0.187500 1.000000
vt 0.187500 0.500000
vt 0.156250 1.000000
vt 0.156250 0.500000
vt 0.125000 1.000000
vt 0.125000 0.500000
vt 0.093750 1.000000
vt 0.093750 0.500000
vt 0.062500 1.000000
vt 0.062500 0.500000
vt 0.296822 0.485388
vt 0.250000 0.490000
vt 0.203178 0.485388
vt 0.158156 0.471731
vt 0.116663 0.449553
vt 0.080294 0.419706
vt 0.050447 0.383337
vt 0.028269 0.341844
vt 0.014611 0.296822
vt 0.010000 0.250000
vt 0.014611 0.203178
vt 0.028269 0.158156
vt 0.050447 0.116663
vt 0.080294 0.080294
vt 0.116663 0.050447
vt 0.158156 0.028269
vt 0.203178 0.014611
vt 0.250000 0.010000
vt 0.296822 0.014611
vt 0.341844 0.028269
vt 0.383337 0.050447
vt 0.419706 0.080294
vt 0.449553 0.116663
vt 0.471731 0.158156
vt 0.397821 0.311229
vt 0.406926 0.281214
vt 0.410000 0.250000
vt 0.383035 0.338891
vt 0.341844 0.471731
vt 0.363137 0.363137
vt 0.406926 0.218786
vt 0.397821 0.188771
vt 0.338891 0.383035
vt 0.311229 0.397821
vt 0.383035 0.161109
vt 0.363137 0.136863
vt 0.281214 0.406926
vt 0.250000 0.410000
vt 0.338891 0.116965
vt 0.311229 0.102179
vt 0.218786 0.406926
vt 0.188771 0.397821
vt 0.281214 0.093074
vt 0.161109 0.383035
vt 0.250000 0.090000
vt 0.218786 0.093074
vt 0.136863 0.363137
vt 0.116965 0.338891
vt 0.188771 0.102179
vt 0.161109 0.116965
vt 0.102179 0.311229
vt 0.093074 0.281215
vt 0.136863 0.136863
vt 0.116965 0.161109
vt 0.090000 0.250000
vt 0.093074 0.218786
vt 0.102179 0.188771
vt 0.383337 0.449553
vt 0.485388 0.203178
vt 0.449553 0.383337
vt 0.419706 0.419706
vt 0.485388 0.296822
vt 0.471731 0.341844
vt 0.490000 0.250000
vt 0.031250 1.000000
vt 0.031250 0.500000
vt 0.000000 1.000000
vt 0.000000 0.500000
vt 0.971731 0.341844
vt 0.985388 0.296822
vt 0.990000 0.250000
vt 0.985388 0.203178
vt 0.971731 0.158156
vt 0.949553 0.116663
vt 0.919706 0.080294
vt 0.883337 0.050447
vt 0.841844 0.028269
vt 0.796822 0.014611
vt 0.750000 0.010000
vt 0.703178 0.014611
vt 0.658156 0.028269
vt 0.616663 0.050447
vt 0.580294 0.080294
vt 0.550447 0.116663
vt 0.528269 0.158156
vt 0.514612 0.203178
vt 0.510000 0.250000
vt 0.514612 0.296822
vt 0.528269 0.341844
vt 0.550447 0.383337
vt 0.580294 0.419706
vt 0.616663 0.449553
vt 0.658156 0.471731
vt 0.703178 0.485388
vt 0.750000 0.490000
vt 0.796822 0.485388
vt 0.841844 0.471731
vt 0.883337 0.449553
vt 0.919706 0.419706
vt 0.949553 0.383337
vt 0.750000 0.187500
vt 0.718750 0.187500
vt 0.718750 0.250000
vt 0.750000 0.250000
vt 0.750000 0.125000
vt 0.718750 0.125000
vt 0.750000 0.062500
vt 0.718750 0.062500
vt 0.734375 0.000000
vt 0.750000 0.437500
vt 0.718750 0.437500
vt 0.750000 0.375000
vt 0.718750 0.375000
vt 0.750000 0.312500
vt 0.718750 0.312500
vt 0.687500 0.250000
vt 0.687500 0.312500
vt 0.687500 0.187500
vt 0.687500 0.125000
vt 0.687500 0.062500
vt 0.703125 0.000000
vt 0.687500 0.437500
vt 0.687500 0.375000
vt 0.671875 0.000000
vt 0.656250 0.062500
vt 0.656250 0.437500
vt 0.656250 0.375000
vt 0.656250 0.312500
vt 0.656250 0.250000
vt 0.656250 0.187500
vt 0.656250 0.125000
vt 0.625000 0.187500
vt 0.625000 0.250000
vt 0.625000 0.125000
vt 0.625000 0.062500
vt 0.640625 0.000000
vt 0.625000 0.437500
vt 0.625000 0.375000
vt 0.625000 0.312500
vt 0.593750 0.437500
vt 0.593750 0.375000
vt 0.593750 0.312500
vt 0.593750 0.250000
vt 0.593750 0.187500
vt 0.593750 0.125000
vt 0.593750 0.062500
vt 0.609375 0.000000
vt 0.562500 0.187500
vt 0.562500 0.250000
vt 0.562500 0.125000
vt 0.562500 0.062500
vt 0.578125 0.000000
vt 0.562500 0.437500
vt 0.562500 0.375000
vt 0.562500 0.312500
vt 0.531250 0.375000
vt 0.531250 0.437500
vt 0.531250 0.312500
vt 0.531250 0.250000
vt 0.531250 0.187500
vt 0.531250 0.125000
vt 0.531250 0.062500
vt 0.546875 0.000000
vt 0.500000 0.125000
vt 0.500000 0.187500
vt 0.500000 0.062500
vt 0.515625 0.000000
vt 0.500000 0.437500
vt 0.500000 0.375000
vt 0.500000 0.312500
vt 0.500000 0.250000
vt 0.468750 0.375000
vt 0.468750 0.437500
vt 0.468750 0.312500
vt 0.468750 0.250000
vt 0.468750 0.187500
vt 0.468750 0.125000
vt 0.468750 0.062500
vt 0.484375 0.000000
vt 0.437500 0.125000
vt 0.437500 0.187500
vt 0.437500 0.062500
vt 0.453125 0.000000
vt 0.437500 0.437500
vt 0.437500 0.375000
vt 0.437500 0.312500
vt 0.437500 0.250000
vt 0.406250 0.312500
vt 0.406250 0.375000
vt 0.406250 0.250000
vt 0.406250 0.187500
vt 0.406250 0.125000
vt 0.406250 0.062500
vt 0.421875 0.000000
vt 0.406250 0.437500
vt 0.375000 0.125000
vt 0.375000 0.062500
vt 0.390625 0.000000
vt 0.375000 0.437500
vt 0.375000 0.375000
vt 0.375000 0.312500
vt 0.375000 0.250000
vt 0.375000 0.187500
vt 0.343750 0.250000
vt 0.343750 0.312500
vt 0.343750 0.187500
vt 0.343750 0.125000
vt 0.343750 0.062500
vt 0.359375 0.000000
vt 0.343750 0.437500
vt 0.343750 0.375000
vt 0.328125 0.000000
vt 0.312500 0.062500
vt 0.312500 0.437500
vt 0.312500 0.375000
vt 0.312500 0.312500
vt 0.312500 0.250000
vt 0.312500 0.187500
vt 0.312500 0.125000
vt 0.281250 0.250000
vt 0.281250 0.312500
vt 0.281250 0.187500
vt 0.281250 0.125000
vt 0.281250 0.062500
vt 0.296875 0.000000
vt 0.281250 0.437500
vt 0.281250 0.375000
vt 0.250000 0.062500
vt 0.265625 0.000000
vt 0.250000 0.437500
vt 0.250000 0.375000
vt 0.250000 0.312500
vt 0.250000 0.250000
vt 0.250000 0.187500
vt 0.250000 0.125000
vt 0.218750 0.187500
vt 0.218750 0.250000
vt 0.218750 0.125000
vt 0.218750 0.062500
vt 0.234375 0.000000
vt 0.218750 0.437500
vt 0.218750 0.375000
vt 0.218750 0.312500
vt 0.187500 0.437500
vt 0.187500 0.375000
vt 0.187500 0.312500
vt 0.187500 0.250000
vt 0.187500 0.187500
vt 0.187500 0.125000
vt 0.187500 0.062500
vt 0.203125 0.000000
vt 0.156250 0.250000
vt 0.156250 0.187500
vt 0.156250 0.125000
vt 0.156250 0.062500
vt 0.171875 0.000000
vt 0.156250 0.437500
vt 0.156250 0.375000
vt 0.156250 0.312500
vt 0.125000 0.437500
vt 0.125000 0.375000
vt 0.125000 0.312500
vt 0.125000 0.250000
vt 0.125000 0.187500
vt 0.125000 0.125000
vt 0.125000 0.062500
vt 0.140625 0.000000
vt 0.093750 0.187500
vt 0.093750 0.125000
vt 0.093750 0.062500
vt 0.109375 0.000000
vt 0.093750 0.437500
vt 0.093750 0.375000
vt 0.093750 0.312500
vt 0.093750 0.250000
vt 0.062500 0.312500
vt 0.062500 0.375000
vt 0.062500 0.250000
vt 0.062500 0.187500
vt 0.062500 0.125000
vt 0.062500 0.062500
vt 0.078125 0.000000
vt 0.062500 0.437500
vt 0.031250 0.125000
vt 0.031250 0.062500
vt 0.046875 0.000000
vt 0.031250 0.437500
vt 0.031250 0.375000
vt 0.031250 0.312500
vt 0.031250 0.250000
vt 0.031250 0.187500
vt 0.000000 0.375000
vt 0.000000 0.312500
vt 0.000000 0.250000
vt 0.000000 0.187500
vt 0.000000 0.125000
vt 0.000000 0.062500
vt 0.015625 0.000000
vt 0.000000 0.437500
vt 0.968750 0.125000
vt 1.000000 0.125000
vt 1.000000 0.062500
vt 0.968750 0.062500
vt 0.984375 0.000000
vt 1.000000 0.437500
vt 0.968750 0.437500
vt 1.000000 0.375000
vt 0.968750 0.375000
vt 1.000000 0.312500
vt 0.968750 0.312500
vt 1.000000 0.250000
vt 0.968750 0.250000
vt 1.000000 0.187500
vt 0.968750 0.187500
vt 0.937500 0.312500
vt 0.937500 0.250000
vt 0.937500 0.187500
vt 0.937500 0.125000
vt 0.937500 0.062500
vt 0.953125 0.000000
vt 0.937500 0.437500
vt 0.937500 0.375000
vt 0.921875 0.000000
vt 0.906250 0.062500
vt 0.906250 0.437500
vt 0.906250 0.375000
vt 0.906250 0.312500
vt 0.906250 0.250000
vt 0.906250 0.187500
vt 0.906250 0.125000
vt 0.875000 0.250000
vt 0.875000 0.312500
vt 0.875000 0.187500
vt 0.875000 0.125000
vt 0.875000 0.062500
vt 0.890625 0.000000
vt 0.875000 0.437500
vt 0.875000 0.375000
vt 0.859375 0.000000
vt 0.843750 0.062500
vt 0.843750 0.437500
vt 0.843750 0.375000
vt 0.843750 0.312500
vt 0.843750 0.250000
vt 0.843750 0.187500
vt 0.843750 0.125000
vt 0.812500 0.187500
vt 0.812500 0.250000
vt 0.812500 0.125000
vt 0.812500 0.062500
vt 0.828125 0.000000
vt 0.812500 0.437500
vt 0.812500 0.375000
vt 0.812500 0.312500
vt 0.781250 0.375000
vt 0.781250 0.437500
vt 0.781250 0.312500
vt 0.781250 0.250000
vt 0.781250 0.187500
vt 0.781250 0.125000
vt 0.781250 0.062500
vt 0.796875 0.000000
vt 0.765625 0.000000
vt 0.968750 1.000000
vt 0.968750 0.500000
vt 1.000000 0.500000
vt 1.000000 1.000000
vt 0.937500 1.000000
vt 0.937500 0.500000
vt 0.906250 1.000000
vt 0.906250 0.500000
vt 0.875000 1.000000
vt 0.875000 0.500000
vt 0.843750 1.000000
vt 0.843750 0.500000
vt 0.812500 1.000000
vt 0.812500 0.500000
vt 0.781250 1.000000
vt 0.781250 0.500000
vt 0.750000 1.000000
vt 0.750000 0.500000
vt 0.718750 1.000000
vt 0.718750 0.500000
vt 0.687500 1.000000
vt 0.687500 0.500000
vt 0.656250 1.000000
vt 0.656250 0.500000
vt 0.625000 1.000000
vt 0.625000 0.500000
vt 0.593750 1.000000
vt 0.593750 0.500000
vt 0.562500 1.000000
vt 0.562500 0.500000
vt 0.531250 1.000000
vt 0.531250 0.500000
vt 0.500000 1.000000
vt 0.500000 0.500000
vt 0.468750 1.000000
vt 0.468750 0.500000
vt 0.437500 1.000000
vt 0.437500 0.500000
vt 0.406250 1.000000
vt 0.406250 0.500000
vt 0.375000 1.000000
vt 0.375000 0.500000
vt 0.343750 1.000000
vt 0.343750 0.500000
vt 0.312500 1.000000
vt 0.312500 0.500000
vt 0.281250 1.000000
vt 0.281250 0.500000
vt 0.250000 1.000000
vt 0.250000 0.500000
vt 0.218750 1.000000
vt 0.218750 0.500000
vt 0.187500 1.000000
vt 0.187500 0.500000
vt 0.156250 1.000000
vt 0.156250 0.500000
vt 0.125000 1.000000
vt 0.125000 0.500000
vt 0.093750 1.000000
vt 0.093750 0.500000
vt 0.062500 1.000000
vt 0.062500 0.500000
vt 0.296822 0.485388
vt 0.250000 0.490000
vt 0.203178 0.485388
vt 0.158156 0.471731
vt 0.116663 0.449553
vt 0.080294 0.419706
vt 0.050447 0.383337
vt 0.028269 0.341844
vt 0.014611 0.296822
vt 0.010000 0.250000
vt 0.014611 0.203178
vt 0.028269 0.158156
vt 0.050447 0.116663
vt 0.080294 0.080294
vt 0.116663 0.050447
vt 0.158156 0.028269
vt 0.203178 0.014611
vt 0.250000 0.010000
vt 0.296822 0.014611
vt 0.341844 0.028269
vt 0.383337 0.050447
vt 0.419706 0.080294
vt 0.449553 0.116663
vt 0.471731 0.158156
vt 0.397821 0.311229
vt 0.406926 0.281214
vt 0.410000 0.250000
vt 0.383035 0.338891
vt 0.341844 0.471731
vt 0.363137 0.363137
vt 0.406926 0.218786
vt 0.397821 0.188771
vt 0.338891 0.383035
vt 0.311229 0.397821
vt 0.383035 0.161109
vt 0.363137 0.136863
vt 0.281215 0.406926
vt 0.250000 0.410000
vt 0.338891 0.116965
vt 0.311229 0.102179
vt 0.218786 0.406926
vt 0.188771 0.397821
vt 0.281214 0.093074
vt 0.161109 0.383035
vt 0.250000 0.090000
vt 0.218785 0.093074
vt 0.136863 0.363137
vt 0.116965 0.338891
vt 0.188771 0.102179
vt 0.161109 0.116965
vt 0.102179 0.311229
vt 0.093074 0.281215
vt 0.136863 0.136863
vt 0.116965 0.161109
vt 0.090000 0.250000
vt 0.093074 0.218786
vt 0.102179 0.188771
vt 0.383337 0.449553
vt 0.485388 0.203178
vt 0.449553 0.383337
vt 0.419706 0.419706
vt 0.485388 0.296822
vt 0.471731 0.341844
vt 0.490000 0.250000
vt 0.031250 1.000000
vt 0.031250 0.500000
vt 0.000000 1.000000
vt 0.000000 0.500000
vt 0.971731 0.341844
vt 0.985388 0.296822
vt 0.990000 0.250000
vt 0.985388 0.203178
vt 0.971731 0.158156
vt 0.949553 0.116663
vt 0.919706 0.080294
vt 0.883337 0.050447
vt 0.841844 0.028269
vt 0.796822 0.014611
vt 0.750000 0.010000
vt 0.703178 0.014611
vt 0.658156 0.028269
vt 0.616663 0.050447
vt 0.580294 0.080294
vt 0.550447 0.116663
vt 0.528269 0.158156
vt 0.514612 0.203178
vt 0.510000 0.250000
vt 0.514612 0.296822
vt 0.528269 0.341844
vt 0.550447 0.383337
vt 0.580294 0.419706
vt 0.616663 0.449553
vt 0.658156 0.471731
vt 0.703178 0.485388
vt 0.750000 0.490000
vt 0.796822 0.485388
vt 0.841844 0.471731
vt 0.883337 0.449553
vt 0.919706 0.419706
vt 0.949553 0.383337
vt 0.750000 0.187500
vt 0.718750 0.187500
vt 0.718750 0.250000
vt 0.750000 0.250000
vt 0.750000 0.125000
vt 0.718750 0.125000
vt 0.750000 0.062500
vt 0.718750 0.062500
vt 0.734375 0.000000
vt 0.750000 0.437500
vt 0.718750 0.437500
vt 0.750000 0.375000
vt 0.718750 0.375000
vt 0.750000 0.312500
vt 0.718750 0.312500
vt 0.687500 0.250000
vt 0.687500 0.312500
vt 0.687500 0.187500
vt 0.687500 0.125000
vt 0.687500 0.062500
vt 0.703125 0.000000
vt 0.687500 0.437500
vt 0.687500 0.375000
vt 0.671875 0.000000
vt 0.656250 0.062500
vt 0.656250 0.437500
vt 0.656250 0.375000
vt 0.656250 0.312500
vt 0.656250 0.250000
vt 0.656250 0.187500
vt 0.656250 0.125000
vt 0.625000 0.187500
vt 0.625000 0.250000
vt 0.625000 0.125000
vt 0.625000 0.062500
vt 0.640625 0.000000
vt 0.625000 0.437500
vt 0.625000 0.375000
vt 0.625000 0.312500
vt 0.593750 0.437500
vt 0.593750 0.375000
vt 0.593750 0.312500
vt 0.593750 0.250000
vt 0.593750 0.187500
vt 0.593750 0.125000
vt 0.593750 0.062500
vt 0.609375 0.000000
vt 0.562500 0.187500
vt 0.562500 0.250000
vt 0.562500 0.125000
vt 0.562500 0.062500
vt 0.578125 0.000000
vt 0.562500 0.437500
vt 0.562500 0.375000
vt 0.562500 0.312500
vt 0.531250 0.375000
vt 0.531250 0.437500
vt 0.531250 0.312500
vt 0.531250 0.250000
vt 0.531250 0.187500
vt 0.531250 0.125000
vt 0.531250 0.062500
vt 0.546875 0.000000
vt 0.500000 0.125000
vt 0.500000 0.187500
vt 0.500000 0.062500
vt 0.515625 0.000000
vt 0.500000 0.437500
vt 0.500000 0.375000
vt 0.500000 0.312500
vt 0.500000 0.250000
vt 0.468750 0.375000
vt 0.468750 0.437500
vt 0.468750 0.312500
vt 0.468750 0.250000
vt 0.468750 0.187500
vt 0.468750 0.125000
vt 0.468750 0.062500
vt 0.484375 0.000000
vt 0.437500 0.125000
vt 0.437500 0.187500
vt 0.437500 0.062500
vt 0.453125 0.000000
vt 0.437500 0.437500
vt 0.437500 0.375000
vt 0.437500 0.312500
vt 0.437500 0.250000
vt 0.406250 0.312500
vt 0.406250 0.375000
vt 0.406250 0.250000
vt 0.406250 0.187500
vt 0.406250 0.125000
vt 0.406250 0.062500
vt 0.421875 0.000000
vt 0.406250 0.437500
vt 0.375000 0.125000
vt 0.375000 0.062500
vt 0.390625 0.000000
vt 0.375000 0.437500
vt 0.375000 0.375000
vt 0.375000 0.312500
vt 0.375000 0.250000
vt 0.375000 0.187500
vt 0.343750 0.250000
vt 0.343750 0.312500
vt 0.343750 0.187500
vt 0.343750 0.125000
vt 0.343750 0.062500
vt 0.359375 0.000000
vt 0.343750 0.437500
vt 0.343750 0.375000
vt 0.328125 0.000000
vt 0.312500 0.062500
vt 0.312500 0.437500
vt 0.312500 0.375000
vt 0.312500 0.312500
vt 0.312500 0.250000
vt 0.312500 0.187500
vt 0.312500 0.125000
vt 0.281250 0.250000
vt 0.281250 0.312500
vt 0.281250 0.187500
vt 0.281250 0.125000
vt 0.281250 0.062500
vt 0.296875 0.000000
vt 0.281250 0.437500
vt 0.281250 0.375000
vt 0.250000 0.062500
vt 0.265625 0.000000
vt 0.250000 0.437500
vt 0.250000 0.375000
vt 0.250000 0.312500
vt 0.250000 0.250000
vt 0.250000 0.187500
vt 0.250000 0.125000
vt 0.218750 0.187500
vt 0.218750 0.250000
vt 0.218750 0.125000
vt 0.218750 0.062500
vt 0.234375 0.000000
vt 0.218750 0.437500
vt 0.218750 0.375000
vt 0.218750 0.312500
vt 0.187500 0.437500
vt 0.187500 0.375000
vt 0.187500 0.312500
vt 0.187500 0.250000
vt 0.187500 0.187500
vt 0.187500 0.125000
vt 0.187500 0.062500
vt 0.203125 0.000000
vt 0.156250 0.250000
vt 0.156250 0.187500
vt 0.156250 0.125000
vt 0.156250 0.062500
vt 0.171875 0.000000
vt 0.156250 0.437500
vt 0.156250 0.375000
vt 0.156250 0.312500
vt 0.125000 0.437500
vt 0.125000 0.375000
vt 0.125000 0.312500
vt 0.125000 0.250000
vt 0.125000 0.187500
vt 0.125000 0.125000
vt 0.125000 0.062500
vt 0.140625 0.000000
vt 0.093750 0.187500
vt 0.093750 0.125000
vt 0.093750 0.062500
vt 0.109375 0.000000
vt 0.093750 0.437500
vt 0.093750 0.375000
vt 0.093750 0.312500
vt 0.093750 0.250000
vt 0.062500 0.375000
vt 0.062500 0.312500
vt 0.062500 0.250000
vt 0.062500 0.187500
vt 0.062500 0.125000
vt 0.062500 0.062500
vt 0.078125 0.000000
vt 0.062500 0.437500
vt 0.031250 0.125000
vt 0.031250 0.062500
vt 0.046875 0.000000
vt 0.031250 0.437500
vt 0.031250 0.375000
vt 0.031250 0.312500
vt 0.031250 0.250000
vt 0.031250 0.187500
vt 0.000000 0.375000
vt 0.000000 0.312500
vt 0.000000 0.250000
vt 0.000000 0.187500
vt 0.000000 0.125000
vt 0.000000 0.062500
vt 0.015625 0.000000
vt 0.000000 0.437500
vt 0.968750 0.125000
vt 1.000000 0.125000
vt 1.000000 0.062500
vt 0.968750 0.062500
vt 0.984375 0.000000
vt 1.000000 0.437500
vt 0.968750 0.437500
vt 1.000000 0.375000
vt 0.968750 0.375000
vt 1.000000 0.312500
vt 0.968750 0.312500
vt 1.000000 0.250000
vt 0.968750 0.250000
vt 1.000000 0.187500
vt 0.968750 0.187500
vt 0.937500 0.312500
vt 0.937500 0.250000
vt 0.937500 0.187500
vt 0.937500 0.125000
vt 0.937500 0.062500
vt 0.953125 0.000000
vt 0.937500 0.437500
vt 0.937500 0.375000
vt 0.921875 0.000000
vt 0.906250 0.062500
vt 0.906250 0.437500
vt 0.906250 0.375000
vt 0.906250 0.312500
vt 0.906250 0.250000
vt 0.906250 0.187500
vt 0.906250 0.125000
vt 0.875000 0.312500
vt 0.875000 0.250000
vt 0.875000 0.187500
vt 0.875000 0.125000
vt 0.875000 0.062500
vt 0.890625 0.000000
vt 0.875000 0.437500
vt 0.875000 0.375000
vt 0.859375 0.000000
vt 0.843750 0.062500
vt 0.843750 0.437500
vt 0.843750 0.375000
vt 0.843750 0.312500
vt 0.843750 0.250000
vt 0.843750 0.187500
vt 0.843750 0.125000
vt 0.812500 0.187500
vt 0.812500 0.250000
vt 0.812500 0.125000
vt 0.812500 0.062500
vt 0.828125 0.000000
vt 0.812500 0.437500
vt 0.812500 0.375000
vt 0.812500 0.312500
vt 0.781250 0.437500
vt 0.781250 0.375000
vt 0.781250 0.312500
vt 0.781250 0.250000
vt 0.781250 0.187500
vt 0.781250 0.125000
vt 0.781250 0.062500
vt 0.796875 0.000000
vt 0.765625 0.000000
vt 0.000000 0.000000
vt 1.000000 0.000000
vt 1.000000 1.000000
vt 0.000000 1.000000
vt 0.375000 0.000000
vt 0.625000 0.000000
vt 0.625000 0.250000
vt 0.375000 0.250000
vt 0.625000 0.500000
vt 0.375000 0.500000
vt 0.625000 0.750000
vt 0.375000 0.750000
vt 0.625000 1.000000
vt 0.375000 1.000000
vt 0.125000 0.500000
vt 0.125000 0.750000
vt 0.875000 0.500000
vt 0.875000 0.750000
vt 0.375000 0.000000
vt 0.625000 0.000000
vt 0.625000 0.250000
vt 0.375000 0.250000
vt 0.625000 0.500000
vt 0.375000 0.500000
vt 0.625000 0.750000
vt 0.375000 0.750000
vt 0.625000 1.000000
vt 0.375000 1.000000
vt 0.125000 0.500000
vt 0.125000 0.750000
vt 0.875000 0.500000
vt 0.875000 0.750000
vt 0.375000 0.000000
vt 0.625000 0.000000
vt 0.625000 0.250000
vt 0.375000 0.250000
vt 0.625000 0.500000
vt 0.375000 0.500000
vt 0.625000 0.750000
vt 0.375000 0.750000
vt 0.625000 1.000000
vt 0.375000 1.000000
vt 0.125000 0.500000
vt 0.125000 0.750000
vt 0.875000 0.500000
vt 0.875000 0.750000
vt 0.375000 0.000000
vt 0.625000 0.000000
vt 0.625000 0.250000
vt 0.375000 0.250000
vt 0.625000 0.500000
vt 0.375000 0.500000
vt 0.625000 0.750000
vt 0.375000 0.750000
vt 0.625000 1.000000
vt 0.375000 1.000000
vt 0.125000 0.500000
vt 0.125000 0.750000
vt 0.875000 0.500000
vt 0.875000 0.750000
vt 0.375000 0.000000
vt 0.625000 0.000000
vt 0.625000 0.250000
vt 0.375000 0.250000
vt 0.625000 0.500000
vt 0.375000 0.500000
vt 0.625000 0.750000
vt 0.375000 0.750000
vt 0.625000 1.000000
vt 0.375000 1.000000
vt 0.125000 0.500000
vt 0.125000 0.750000
vt 0.875000 0.500000
vt 0.875000 0.750000
vt 0.375000 0.000000
vt 0.625000 0.000000
vt 0.625000 0.250000
vt 0.375000 0.250000
vt 0.625000 0.500000
vt 0.375000 0.500000
vt 0.625000 0.750000
vt 0.375000 0.750000
vt 0.625000 1.000000
vt 0.375000 1.000000
vt 0.125000 0.500000
vt 0.125000 0.750000
vt 0.875000 0.500000
vt 0.875000 0.750000
vt 0.375000 0.000000
vt 0.625000 0.000000
vt 0.625000 0.250000
vt 0.375000 0.250000
vt 0.625000 0.500000
vt 0.375000 0.500000
vt 0.625000 0.750000
vt 0.375000 0.750000
vt 0.625000 1.000000
vt 0.375000 1.000000
vt 0.125000 0.500000
vt 0.125000 0.750000
vt 0.875000 0.500000
vt 0.875000 0.750000
vt 0.375000 0.000000
vt 0.625000 0.000000
vt 0.625000 0.250000
vt 0.375000 0.250000
vt 0.625000 0.500000
vt 0.375000 0.500000
vt 0.625000 0.750000
vt 0.375000 0.750000
vt 0.625000 1.000000
vt 0.375000 1.000000
vt 0.125000 0.500000
vt 0.125000 0.750000
vt 0.875000 0.500000
vt 0.875000 0.750000
vt 0.375000 0.000000
vt 0.625000 0.000000
vt 0.625000 0.250000
vt 0.375000 0.250000
vt 0.625000 0.500000
vt 0.375000 0.500000
vt 0.625000 0.750000
vt 0.375000 0.750000
vt 0.625000 1.000000
vt 0.375000 1.000000
vt 0.125000 0.500000
vt 0.125000 0.750000
vt 0.875000 0.500000
vt 0.875000 0.750000
vt 0.375000 0.000000
vt 0.625000 0.000000
vt 0.625000 0.250000
vt 0.375000 0.250000
vt 0.625000 0.500000
vt 0.375000 0.500000
vt 0.625000 0.750000
vt 0.375000 0.750000
vt 0.625000 1.000000
vt 0.375000 1.000000
vt 0.125000 0.500000
vt 0.125000 0.750000
vt 0.875000 0.500000
vt 0.875000 0.750000
vt 0.375000 0.000000
vt 0.625000 0.000000
vt 0.625000 0.250000
vt 0.375000 0.250000
vt 0.625000 0.500000
vt 0.375000 0.500000
vt 0.625000 0.750000
vt 0.375000 0.750000
vt 0.625000 1.000000
vt 0.375000 1.000000
vt 0.125000 0.500000
vt 0.125000 0.750000
vt 0.875000 0.500000
vt 0.875000 0.750000
vt 0.375000 0.000000
vt 0.625000 0.000000
vt 0.625000 0.250000
vt 0.375000 0.250000
vt 0.625000 0.500000
vt 0.375000 0.500000
vt 0.625000 0.750000
vt 0.375000 0.750000
vt 0.625000 1.000000
vt 0.375000 1.000000
vt 0.125000 0.500000
vt 0.125000 0.750000
vt 0.875000 0.500000
vt 0.875000 0.750000
vt 0.375000 0.000000
vt 0.625000 0.000000
vt 0.625000 0.250000
vt 0.375000 0.250000
vt 0.625000 0.500000
vt 0.375000 0.500000
vt 0.625000 0.750000
vt 0.375000 0.750000
vt 0.625000 1.000000
vt 0.375000 1.000000
vt 0.125000 0.500000
vt 0.125000 0.750000
vt 0.875000 0.500000
vt 0.875000 0.750000
vt 0.375000 0.000000
vt 0.625000 0.000000
vt 0.625000 0.250000
vt 0.375000 0.250000
vt 0.625000 0.500000
vt 0.375000 0.500000
vt 0.625000 0.750000
vt 0.375000 0.750000
vt 0.625000 1.000000
vt 0.375000 1.000000
vt 0.125000 0.500000
vt 0.125000 0.750000
vt 0.875000 0.500000
vt 0.875000 0.750000
vt 0.375000 0.000000
vt 0.625000 0.000000
vt 0.625000 0.250000
vt 0.375000 0.250000
vt 0.625000 0.500000
vt 0.375000 0.500000
vt 0.625000 0.750000
vt 0.375000 0.750000
vt 0.625000 1.000000
vt 0.375000 1.000000
vt 0.125000 0.500000
vt 0.125000 0.750000
vt 0.875000 0.500000
vt 0.875000 0.750000
vt 0.375000 0.000000
vt 0.625000 0.000000
vt 0.625000 0.250000
vt 0.375000 0.250000
vt 0.625000 0.500000
vt 0.375000 0.500000
vt 0.625000 0.750000
vt 0.375000 0.750000
vt 0.625000 1.000000
vt 0.375000 1.000000
vt 0.125000 0.500000
vt 0.125000 0.750000
vt 0.875000 0.500000
vt 0.875000 0.750000
vt 0.375000 0.000000
vt 0.625000 0.000000
vt 0.625000 0.250000
vt 0.375000 0.250000
vt 0.625000 0.500000
vt 0.375000 0.500000
vt 0.625000 0.750000
vt 0.375000 0.750000
vt 0.625000 1.000000
vt 0.375000 1.000000
vt 0.125000 0.500000
vt 0.125000 0.750000
vt 0.875000 0.500000
vt 0.875000 0.750000
vt 0.375000 0.000000
vt 0.625000 0.000000
vt 0.625000 0.250000
vt 0.375000 0.250000
vt 0.625000 0.500000
vt 0.375000 0.500000
vt 0.625000 0.750000
vt 0.375000 0.750000
vt 0.625000 1.000000
vt 0.375000 1.000000
vt 0.125000 0.500000
vt 0.125000 0.750000
vt 0.875000 0.500000
vt 0.875000 0.750000
vt 0.375000 0.000000
vt 0.625000 0.000000
vt 0.625000 0.250000
vt 0.375000 0.250000
vt 0.625000 0.500000
vt 0.375000 0.500000
vt 0.625000 0.750000
vt 0.375000 0.750000
vt 0.625000 1.000000
vt 0.375000 1.000000
vt 0.125000 0.500000
vt 0.125000 0.750000
vt 0.875000 0.500000
vt 0.875000 0.750000
vt 0.375000 0.000000
vt 0.625000 0.000000
vt 0.625000 0.250000
vt 0.375000 0.250000
vt 0.625000 0.500000
vt 0.375000 0.500000
vt 0.625000 0.750000
vt 0.375000 0.750000
vt 0.625000 1.000000
vt 0.375000 1.000000
vt 0.125000 0.500000
vt 0.125000 0.750000
vt 0.875000 0.500000
vt 0.875000 0.750000
vt 0.375000 0.000000
vt 0.625000 0.000000
vt 0.625000 0.250000
vt 0.375000 0.250000
vt 0.625000 0.500000
vt 0.375000 0.500000
vt 0.625000 0.750000
vt 0.375000 0.750000
vt 0.625000 1.000000
vt 0.375000 1.000000
vt 0.125000 0.500000
vt 0.125000 0.750000
vt 0.875000 0.500000
vt 0.875000 0.750000
vt 0.375000 0.000000
vt 0.625000 0.000000
vt 0.625000 0.250000
vt 0.375000 0.250000
vt 0.625000 0.500000
vt 0.375000 0.500000
vt 0.625000 0.750000
vt 0.375000 0.750000
vt 0.625000 1.000000
vt 0.375000 1.000000
vt 0.125000 0.500000
vt 0.125000 0.750000
vt 0.875000 0.500000
vt 0.875000 0.750000
vt 0.375000 0.000000
vt 0.625000 0.000000
vt 0.625000 0.250000
vt 0.375000 0.250000
vt 0.625000 0.500000
vt 0.375000 0.500000
vt 0.625000 0.750000
vt 0.375000 0.750000
vt 0.625000 1.000000
vt 0.375000 1.000000
vt 0.125000 0.500000
vt 0.125000 0.750000
vt 0.875000 0.500000
vt 0.875000 0.750000
vt 0.375000 0.000000
vt 0.625000 0.000000
vt 0.625000 0.250000
vt 0.375000 0.250000
vt 0.625000 0.500000
vt 0.375000 0.500000
vt 0.625000 0.750000
vt 0.375000 0.750000
vt 0.625000 1.000000
vt 0.375000 1.000000
vt 0.125000 0.500000
vt 0.125000 0.750000
vt 0.875000 0.500000
vt 0.875000 0.750000
vt 0.000000 0.000000
vt 1.000000 0.000000
vt 1.000000 1.000000
vt 0.000000 1.000000
vn 0.000000 0.000000 1.000000
vn 0.000000 0.000000 1.000000
vn 0.000000 0.000000 1.000000
vn 0.000000 0.000000 1.000000
vn 0.000000 0.000000 1.000000
vn 0.000000 0.000000 1.000000
vn 0.000000 0.000000 1.000000
vn 0.000000 0.000000 1.000000
vn 1.000000 0.000000 0.000000
vn 0.000000 -1.000000 0.000000
vn -1.000000 0.000000 0.000000
vn 0.000000 1.000000 0.000000
vn 0.000000 0.000000 -1.000000
vn 0.000000 0.000000 1.000000
vn 1.000000 0.000000 0.000000
vn 0.000000 -1.000000 0.000000
vn -1.000000 0.000000 0.000000
vn 0.000000 1.000000 0.000000
vn 0.000000 0.000000 -1.000000
vn 0.000000 0.000000 1.000000
vn -0.000000 1.000000 0.000000
vn 1.000000 0.000000 0.000000
vn 0.000000 -1.000000 0.000000
vn -1.000000 -0.000000 0.000000
vn 0.000000 0.000000 -1.000000
vn 0.000000 0.000000 1.000000
vn -0.000000 1.000000 0.000000
vn 1.000000 0.000000 0.000000
vn 0.000000 -1.000000 0.000000
vn -1.000000 -0.000000 0.000000
vn 0.000000 0.000000 -1.000000
vn 0.000000 0.000000 1.000000
vn 0.000000 0.000000 1.000000
vn 0.000000 0.000000 1.000000
vn 0.000000 0.000000 1.000000
vn 1.000000 0.000000 0.000000
vn 0.000000 -1.000000 0.000000
vn -1.000000 0.000000 0.000000
vn 0.000000 1.000000 0.000000
vn 0.000000 0.000000 -1.000000
vn 0.000000 0.000000 1.000000
vn -1.000000 0.000000 -0.000000
vn 0.000000 -1.000000 0.000000
vn 1.000000 0.000000 0.000000
vn 0.000000 1.000000 0.000000
vn 0.000000 0.000000 -1.000000
vn 0.703088 0.000000 0.711103
vn 1.000000 0.000000 0.000000
vn 0.000000 -1.000000 0.000000
vn -1.000000 0.000000 0.000000
vn 0.000000 1.000000 0.000000
vn 0.000000 0.000000 1.000000
vn 0.000000 0.000000 -1.000000
vn 1.000000 0.000000 0.000000
vn 0.000000 -1.000000 0.000000
vn -1.000000 0.000000 0.000000
vn 0.000000 1.000000 0.000000
vn 0.000000 0.000000 -1.000000
vn 0.000000 0.000000 1.000000
vn 1.000000 0.000000 0.000000
vn 0.000000 -1.000000 0.000000
vn -1.000000 0.000000 0.000000
vn 0.000000 1.000000 0.000000
vn 0.000000 0.000000 -1.000000
vn 0.000000 0.000000 1.000000
vn 1.000000 0.000000 0.000000
vn 0.000000 -1.000000 0.000000
vn -1.000000 0.000000 0.000000
vn 0.000000 1.000000 0.000000
vn 0.000000 0.000000 -1.000000
vn 0.000000 0.000000 1.000000
vn -1.000000 0.000000 -0.000000
vn 0.000000 -1.000000 0.000000
vn 1.000000 0.000000 0.000000
vn 0.000000 1.000000 0.000000
vn 0.000000 0.000000 -1.000000
vn 0.703088 0.000000 0.711103
vn 1.000000 0.000000 0.000000
vn 0.000000 -1.000000 0.000000
vn -1.000000 0.000000 0.000000
vn 0.000000 1.000000 0.000000
vn 0.000000 0.000000 1.000000
vn 0.000000 0.000000 -1.000000
vn 1.000000 0.000000 0.000000
vn 0.000000 -1.000000 0.000000
vn -1.000000 0.000000 0.000000
vn 0.000000 1.000000 0.000000
vn 0.000000 0.000000 -1.000000
vn 0.000000 0.000000 1.000000
vn 1.000000 0.000000 0.000000
vn 0.000000 -1.000000 0.000000
vn -1.000000 0.000000 0.000000
vn 0.000000 1.000000 0.000000
vn 0.000000 0.000000 -1.000000
vn 0.000000 0.000000 1.000000
vn 1.000000 0.000000 0.000000
vn 0.000000 -1.000000 0.000000
vn -1.000000 0.000000 0.000000
vn 0.000000 1.000000 0.000000
vn 0.000000 0.000000 -1.000000
vn 0.000000 0.000000 1.000000
vn -0.000000 1.000000 0.000000
vn 1.000000 0.000000 0.000000
vn 0.000000 -1.000000 0.000000
vn -1.000000 -0.000000 0.000000
vn 0.000000 0.000000 -1.000000
vn 0.000000 0.000000 1.000000
vn -0.000000 1.000000 0.000000
vn 1.000000 0.000000 0.000000
vn 0.000000 -1.000000 0.000000
vn -1.000000 -0.000000 0.000000
vn 0.000000 0.000000 -1.000000
vn 0.000000 0.000000 1.000000
vn 1.000000 0.000000 0.000000
vn 0.000000 -1.000000 0.000000
vn -1.000000 0.000000 0.000000
vn 0.000000 1.000000 0.000000
vn 0.000000 0.000000 -1.000000
vn 0.000000 0.000000 1.000000
vn 1.000000 0.000000 0.000000
vn 0.000000 -1.000000 0.000000
vn -1.000000 0.000000 0.000000
vn 0.000000 1.000000 0.000000
vn 0.000000 0.000000 -1.000000
vn 0.000000 0.000000 1.000000
vn 1.000000 0.000000 0.000000
vn 0.000000 -1.000000 0.000000
vn -1.000000 0.000000 0.000000
vn 0.000000 1.000000 0.000000
vn 0.000000 0.000000 -1.000000
vn 0.000000 0.000000 1.000000
vn 1.000000 0.000000 0.000000
vn 0.000000 -1.000000 0.000000
vn -1.000000 0.000000 0.000000
vn 0.000000 1.000000 0.000000
vn 0.000000 0.000000 -1.000000
vn 0.000000 0.000000 1.000000
vn 1.000000 0.000000 0.000000
vn 0.000000 -1.000000 0.000000
vn -1.000000 0.000000 0.000000
vn 0.000000 1.000000 0.000000
vn 0.000000 0.000000 -1.000000
vn 0.000000 0.000000 1.000000
vn 0.000000 0.000000 1.000000
vn 0.000000 0.000000 1.000000
vn 1.000000 0.000000 0.000000
vn 0.000000 -1.000000 0.000000
vn -1.000000 0.000000 0.000000
vn 0.000000 1.000000 0.000000
vn 0.000000 0.000000 -1.000000
vn 0.000000 0.000000 1.000000
vn 1.000000 0.000000 0.000000
vn 0.000000 -1.000000 0.000000
vn -1.000000 0.000000 0.000000
vn 0.000000 1.000000 0.000000
vn 0.000000 0.000000 -1.000000
vn 0.000000 0.000000 1.000000
vn 0.000000 0.000000 1.000000
vn 0.000000 0.000000 1.000000
vn 0.000000 0.000000 1.000000
vn 0.000000 0.000000 1.000000
vn 0.000000 0.000000 1.000000
vn 0.000000 0.000000 1.000000
vn 0.000000 0.000000 1.000000
vn 0.000000 0.000000 1.000000
vn 0.000000 0.000000 1.000000
vn 0.000000 0.000000 1.000000
vn 0.000000 0.000000 1.000000
vn 0.000000 0.000000 1.000000
vn 0.000000 0.000000 1.000000
vn 0.000000 0.000000 1.000000
vn -0.098017 -0.995185 0.000000
vn -0.290285 -0.956940 0.000000
vn -0.471397 -0.881921 0.000000
vn -0.634393 -0.773010 0.000000
vn -0.773010 -0.634393 0.000000
vn -0.881921 -0.471397 0.000000
vn -0.956940 -0.290285 0.000000
vn -0.995185 -0.098017 0.000000
vn -0.995185 0.098017 0.000000
vn -0.956940 0.290285 0.000000
vn -0.881921 0.471397 0.000000
vn -0.773010 0.634393 0.000000
vn -0.634393 0.773010 0.000000
vn -0.471397 0.881921 0.000000
vn -0.290285 0.956940 0.000000
vn -0.098017 0.995185 0.000000
vn 0.098017 0.995185 0.000000
vn 0.290285 0.956940 0.000000
vn 0.471397 0.881921 0.000000
vn 0.634393 0.773010 0.000000
vn 0.773010 0.634393 0.000000
vn 0.881921 0.471397 0.000000
vn 0.956940 0.290285 0.000000
vn 0.995185 0.098017 0.000000
vn 0.995185 -0.098017 0.000000
vn 0.956940 -0.290285 0.000000
vn 0.881921 -0.471397 0.000000
vn 0.773010 -0.634393 0.000000
vn 0.634393 -0.773010 0.000000
vn 0.471397 -0.881921 0.000000
vn -0.000000 0.000000 1.000000
vn 0.290285 -0.956940 0.000000
vn 0.098017 -0.995185 0.000000
vn 0.000000 0.000000 -1.000000
vn 0.043466 0.441338 0.896288
vn 0.030063 0.305248 0.951798
vn 0.017632 0.179038 0.983684
vn 0.005809 0.058991 0.998242
vn 0.096735 0.982165 0.161225
vn 0.087558 0.888999 0.449460
vn 0.073343 0.744671 0.663390
vn 0.058031 0.589197 0.805903
vn 0.171863 0.566555 0.805902
vn 0.128733 0.424377 0.896288
vn 0.089037 0.293517 0.951798
vn 0.052224 0.172158 0.983684
vn 0.017205 0.056724 0.998242
vn 0.286487 0.944421 0.161226
vn 0.259312 0.854836 0.449459
vn 0.217212 0.716053 0.663391
vn 0.027944 0.052277 0.998242
vn 0.465230 0.870384 0.161223
vn 0.421099 0.787821 0.449459
vn 0.352734 0.659918 0.663391
vn 0.279090 0.522140 0.805902
vn 0.209052 0.391109 0.896288
vn 0.144589 0.270507 0.951798
vn 0.084806 0.158662 0.983684
vn 0.281336 0.342810 0.896288
vn 0.194585 0.237101 0.951798
vn 0.114130 0.139068 0.983684
vn 0.037605 0.045821 0.998242
vn 0.626095 0.762897 0.161224
vn 0.566704 0.690531 0.449459
vn 0.474699 0.578423 0.663391
vn 0.375592 0.457660 0.805902
vn 0.762898 0.626093 0.161225
vn 0.690531 0.566704 0.449458
vn 0.578423 0.474699 0.663391
vn 0.457660 0.375591 0.805902
vn 0.342810 0.281336 0.896288
vn 0.237101 0.194584 0.951798
vn 0.139068 0.114130 0.983684
vn 0.045821 0.037605 0.998242
vn 0.391109 0.209052 0.896287
vn 0.270507 0.144589 0.951798
vn 0.158662 0.084806 0.983684
vn 0.052278 0.027943 0.998242
vn 0.870384 0.465230 0.161225
vn 0.787822 0.421099 0.449459
vn 0.659918 0.352734 0.663391
vn 0.522140 0.279090 0.805902
vn 0.854836 0.259312 0.449459
vn 0.716053 0.217212 0.663391
vn 0.566555 0.171862 0.805903
vn 0.424378 0.128733 0.896287
vn 0.293517 0.089038 0.951798
vn 0.172158 0.052223 0.983684
vn 0.056724 0.017207 0.998242
vn 0.944421 0.286487 0.161224
vn 0.305248 0.030064 0.951798
vn 0.179039 0.017634 0.983684
vn 0.058991 0.005810 0.998242
vn 0.982166 0.096735 0.161224
vn 0.889000 0.087558 0.449458
vn 0.744670 0.073344 0.663391
vn 0.589197 0.058031 0.805903
vn 0.441338 0.043468 0.896288
vn 0.889000 -0.087559 0.449458
vn 0.744669 -0.073344 0.663391
vn 0.589198 -0.058031 0.805902
vn 0.441338 -0.043468 0.896288
vn 0.305247 -0.030064 0.951798
vn 0.179038 -0.017634 0.983684
vn 0.058991 -0.005810 0.998242
vn 0.982166 -0.096735 0.161224
vn 0.293517 -0.089038 0.951798
vn 0.172158 -0.052224 0.983684
vn 0.056724 -0.017207 0.998242
vn 0.944421 -0.286487 0.161224
vn 0.854836 -0.259312 0.449459
vn 0.716052 -0.217212 0.663391
vn 0.566555 -0.171863 0.805902
vn 0.424377 -0.128734 0.896288
vn 0.659918 -0.352734 0.663391
vn 0.522140 -0.279090 0.805902
vn 0.391108 -0.209052 0.896288
vn 0.270507 -0.144589 0.951798
vn 0.158661 -0.084807 0.983684
vn 0.052277 -0.027943 0.998242
vn 0.870384 -0.465231 0.161223
vn 0.787821 -0.421100 0.449459
vn 0.139069 -0.114130 0.983684
vn 0.045820 -0.037605 0.998242
vn 0.762898 -0.626094 0.161223
vn 0.690531 -0.566704 0.449458
vn 0.578422 -0.474699 0.663391
vn 0.457660 -0.375592 0.805902
vn 0.342809 -0.281336 0.896288
vn 0.237101 -0.194584 0.951798
vn 0.375591 -0.457660 0.805902
vn 0.281336 -0.342809 0.896288
vn 0.194584 -0.237102 0.951798
vn 0.114130 -0.139068 0.983684
vn 0.037606 -0.045821 0.998242
vn 0.626094 -0.762898 0.161224
vn 0.566705 -0.690531 0.449458
vn 0.474699 -0.578423 0.663391
vn 0.027940 -0.052277 0.998242
vn 0.465229 -0.870384 0.161223
vn 0.421099 -0.787822 0.449459
vn 0.352733 -0.659918 0.663391
vn 0.279090 -0.522140 0.805902
vn 0.209051 -0.391108 0.896288
vn 0.144589 -0.270507 0.951798
vn 0.084807 -0.158662 0.983684
vn 0.171863 -0.566555 0.805902
vn 0.128734 -0.424377 0.896288
vn 0.089037 -0.293517 0.951798
vn 0.052223 -0.172158 0.983684
vn 0.017208 -0.056724 0.998242
vn 0.286487 -0.944422 0.161222
vn 0.259311 -0.854836 0.449458
vn 0.217212 -0.716052 0.663391
vn 0.005810 -0.058991 0.998242
vn 0.096734 -0.982166 0.161224
vn 0.087559 -0.889000 0.449458
vn 0.073344 -0.744670 0.663391
vn 0.058030 -0.589198 0.805902
vn 0.043468 -0.441338 0.896288
vn 0.030064 -0.305248 0.951798
vn 0.017634 -0.179038 0.983684
vn -0.043468 -0.441337 0.896288
vn -0.030064 -0.305248 0.951798
vn -0.017634 -0.179038 0.983684
vn -0.005810 -0.058991 0.998242
vn -0.096735 -0.982166 0.161222
vn -0.087559 -0.889000 0.449458
vn -0.073344 -0.744669 0.663391
vn -0.058031 -0.589198 0.805902
vn -0.286488 -0.944421 0.161223
vn -0.259312 -0.854836 0.449458
vn -0.217213 -0.716052 0.663391
vn -0.171863 -0.566555 0.805902
vn -0.128734 -0.424377 0.896288
vn -0.089038 -0.293518 0.951798
vn -0.052224 -0.172158 0.983684
vn -0.017205 -0.056724 0.998242
vn -0.209052 -0.391108 0.896288
vn -0.144590 -0.270507 0.951798
vn -0.084806 -0.158662 0.983684
vn -0.027942 -0.052277 0.998242
vn -0.465230 -0.870384 0.161221
vn -0.421099 -0.787821 0.449459
vn -0.352734 -0.659918 0.663391
vn -0.279090 -0.522140 0.805902
vn -0.566705 -0.690531 0.449458
vn -0.474699 -0.578423 0.663391
vn -0.375592 -0.457660 0.805902
vn -0.281337 -0.342809 0.896288
vn -0.194585 -0.237102 0.951798
vn -0.114130 -0.139068 0.983684
vn -0.037601 -0.045821 0.998242
vn -0.626094 -0.762898 0.161221
vn -0.237102 -0.194584 0.951798
vn -0.139067 -0.114130 0.983684
vn -0.045821 -0.037605 0.998242
vn -0.762899 -0.626094 0.161221
vn -0.690531 -0.566705 0.449458
vn -0.578423 -0.474699 0.663391
vn -0.457660 -0.375592 0.805902
vn -0.342809 -0.281336 0.896288
vn -0.659917 -0.352734 0.663391
vn -0.522141 -0.279090 0.805902
vn -0.391108 -0.209051 0.896288
vn -0.270508 -0.144589 0.951798
vn -0.158662 -0.084806 0.983684
vn -0.052277 -0.027943 0.998242
vn -0.870384 -0.465230 0.161221
vn -0.787822 -0.421099 0.449458
vn -0.172158 -0.052223 0.983684
vn -0.056724 -0.017207 0.998242
vn -0.944422 -0.286487 0.161221
vn -0.854836 -0.259312 0.449458
vn -0.716053 -0.217212 0.663391
vn -0.566555 -0.171863 0.805902
vn -0.424377 -0.128733 0.896288
vn -0.293518 -0.089038 0.951798
vn -0.744670 -0.073343 0.663391
vn -0.589198 -0.058031 0.805902
vn -0.441338 -0.043468 0.896288
vn -0.305248 -0.030064 0.951798
vn -0.179038 -0.017634 0.983684
vn -0.058991 -0.005810 0.998242
vn -0.982166 -0.096734 0.161221
vn -0.889000 -0.087559 0.449458
vn -0.179039 0.017634 0.983684
vn -0.058991 0.005810 0.998242
vn -0.982166 0.096735 0.161221
vn -0.889000 0.087559 0.449458
vn -0.744670 0.073344 0.663391
vn -0.589198 0.058031 0.805902
vn -0.441337 0.043468 0.896288
vn -0.305248 0.030064 0.951798
vn -0.566555 0.171863 0.805902
vn -0.424377 0.128734 0.896288
vn -0.293517 0.089038 0.951798
vn -0.172158 0.052223 0.983684
vn -0.056724 0.017207 0.998242
vn -0.944422 0.286488 0.161221
vn -0.854836 0.259313 0.449458
vn -0.716053 0.217212 0.663391
vn -0.052278 0.027943 0.998242
vn -0.870384 0.465231 0.161221
vn -0.787822 0.421099 0.449458
vn -0.659918 0.352734 0.663391
vn -0.522141 0.279090 0.805902
vn -0.391107 0.209052 0.896288
vn -0.270508 0.144589 0.951798
vn -0.158662 0.084807 0.983684
vn -0.457660 0.375592 0.805902
vn -0.342809 0.281336 0.896288
vn -0.237102 0.194584 0.951798
vn -0.139068 0.114130 0.983684
vn -0.045822 0.037605 0.998242
vn -0.762898 0.626095 0.161221
vn -0.690531 0.566705 0.449458
vn -0.578423 0.474700 0.663391
vn -0.037603 0.045821 0.998242
vn -0.626094 0.762899 0.161220
vn -0.566704 0.690532 0.449458
vn -0.474700 0.578423 0.663391
vn -0.375591 0.457660 0.805902
vn -0.281336 0.342809 0.896288
vn -0.194585 0.237102 0.951798
vn -0.114131 0.139068 0.983684
vn -0.209052 0.391108 0.896288
vn -0.144589 0.270508 0.951798
vn -0.084806 0.158662 0.983684
vn -0.027942 0.052277 0.998242
vn -0.465230 0.870385 0.161220
vn -0.421099 0.787822 0.449458
vn -0.352733 0.659918 0.663391
vn -0.279090 0.522141 0.805902
vn -0.259311 0.854836 0.449458
vn -0.217212 0.716052 0.663391
vn -0.171863 0.566556 0.805902
vn -0.128733 0.424377 0.896288
vn -0.089037 0.293518 0.951798
vn -0.052223 0.172158 0.983684
vn -0.017208 0.056724 0.998242
vn -0.286487 0.944422 0.161219
vn -0.030065 0.305248 0.951798
vn -0.017633 0.179038 0.983684
vn -0.005810 0.058991 0.998242
vn -0.096739 0.982165 0.161223
vn -0.087560 0.888999 0.449459
vn -0.073345 0.744671 0.663390
vn -0.058032 0.589198 0.805902
vn -0.043468 0.441337 0.896288
vn -0.098017 -0.995185 0.000000
vn -0.290285 -0.956940 0.000000
vn -0.471397 -0.881921 0.000000
vn -0.634393 -0.773010 0.000000
vn -0.773010 -0.634393 0.000000
vn -0.881921 -0.471397 0.000000
vn -0.956940 -0.290285 0.000000
vn -0.995185 -0.098017 0.000000
vn -0.995185 0.098017 0.000000
vn -0.956940 0.290285 0.000000
vn -0.881921 0.471397 0.000000
vn -0.773010 0.634393 0.000000
vn -0.634393 0.773010 0.000000
vn -0.471397 0.881921 0.000000
vn -0.290285 0.956940 0.000000
vn -0.098017 0.995185 0.000000
vn 0.098017 0.995185 0.000000
vn 0.290285 0.956940 0.000000
vn 0.471397 0.881921 0.000000
vn 0.634393 0.773010 0.000000
vn 0.773010 0.634393 0.000000
vn 0.881921 0.471397 0.000000
vn 0.956940 0.290285 0.000000
vn 0.995185 0.098017 0.000000
vn 0.995185 -0.098017 0.000000
vn 0.956940 -0.290285 0.000000
vn 0.881921 -0.471397 0.000000
vn 0.773010 -0.634393 0.000000
vn 0.634393 -0.773010 0.000000
vn 0.471397 -0.881921 0.000000
vn 0.000000 0.000000 1.000000
vn 0.290285 -0.956940 0.000000
vn 0.098017 -0.995185 0.000000
vn 0.000000 0.000000 -1.000000
vn 0.028957 0.294017 0.955361
vn 0.019353 0.196496 0.980314
vn 0.011132 0.113019 0.993530
vn 0.003638 0.036909 0.999312
vn 0.094831 0.962838 0.252885
vn 0.076350 0.775202 0.627083
vn 0.056475 0.573412 0.817318
vn 0.040899 0.415258 0.908784
vn 0.121127 0.399300 0.908784
vn 0.085761 0.282718 0.955361
vn 0.057315 0.188944 0.980314
vn 0.032967 0.108676 0.993531
vn 0.010764 0.035491 0.999312
vn 0.280850 0.925837 0.252883
vn 0.226118 0.745412 0.627082
vn 0.167258 0.551375 0.817319
vn 0.017486 0.032709 0.999312
vn 0.456075 0.853256 0.252884
vn 0.367197 0.686976 0.627080
vn 0.271612 0.508150 0.817320
vn 0.196699 0.367997 0.908784
vn 0.139270 0.260554 0.955361
vn 0.093075 0.174132 0.980314
vn 0.053534 0.100156 0.993531
vn 0.187424 0.228378 0.955362
vn 0.125259 0.152628 0.980314
vn 0.072046 0.087788 0.993531
vn 0.023529 0.028669 0.999312
vn 0.613774 0.747885 0.252882
vn 0.494163 0.602139 0.627081
vn 0.365528 0.445397 0.817320
vn 0.264712 0.322552 0.908783
vn 0.747885 0.613773 0.252883
vn 0.602140 0.494163 0.627081
vn 0.445397 0.365528 0.817319
vn 0.322552 0.264712 0.908784
vn 0.228378 0.187425 0.955361
vn 0.152627 0.125259 0.980314
vn 0.087788 0.072045 0.993531
vn 0.028667 0.023528 0.999312
vn 0.260554 0.139269 0.955361
vn 0.174132 0.093076 0.980314
vn 0.100157 0.053534 0.993530
vn 0.032710 0.017483 0.999312
vn 0.853256 0.456075 0.252884
vn 0.686976 0.367196 0.627081
vn 0.508150 0.271612 0.817319
vn 0.367997 0.196699 0.908784
vn 0.745413 0.226119 0.627080
vn 0.551374 0.167257 0.817320
vn 0.399300 0.121126 0.908784
vn 0.282718 0.085761 0.955361
vn 0.188944 0.057316 0.980314
vn 0.108675 0.032966 0.993531
vn 0.035490 0.010766 0.999312
vn 0.925837 0.280850 0.252883
vn 0.196496 0.019353 0.980314
vn 0.113019 0.011131 0.993531
vn 0.036909 0.003635 0.999312
vn 0.962838 0.094831 0.252883
vn 0.775204 0.076351 0.627080
vn 0.573410 0.056476 0.817319
vn 0.415258 0.040899 0.908784
vn 0.294017 0.028958 0.955361
vn 0.775204 -0.076351 0.627080
vn 0.573410 -0.056476 0.817320
vn 0.415259 -0.040899 0.908784
vn 0.294016 -0.028958 0.955362
vn 0.196496 -0.019353 0.980314
vn 0.113019 -0.011131 0.993531
vn 0.036910 -0.003635 0.999312
vn 0.962838 -0.094831 0.252882
vn 0.188944 -0.057316 0.980314
vn 0.108676 -0.032966 0.993531
vn 0.035491 -0.010766 0.999312
vn 0.925837 -0.280850 0.252882
vn 0.745412 -0.226119 0.627081
vn 0.551375 -0.167258 0.817319
vn 0.399300 -0.121127 0.908784
vn 0.282718 -0.085762 0.955361
vn 0.508149 -0.271612 0.817320
vn 0.367997 -0.196699 0.908784
vn 0.260555 -0.139269 0.955361
vn 0.174132 -0.093076 0.980314
vn 0.100156 -0.053535 0.993531
vn 0.032708 -0.017483 0.999312
vn 0.853256 -0.456076 0.252881
vn 0.686976 -0.367197 0.627081
vn 0.087789 -0.072045 0.993530
vn 0.028669 -0.023528 0.999312
vn 0.747885 -0.613774 0.252881
vn 0.602140 -0.494164 0.627080
vn 0.445397 -0.365528 0.817319
vn 0.322552 -0.264712 0.908784
vn 0.228378 -0.187425 0.955361
vn 0.152628 -0.125259 0.980314
vn 0.264712 -0.322553 0.908783
vn 0.187424 -0.228378 0.955362
vn 0.125259 -0.152628 0.980314
vn 0.072046 -0.087788 0.993530
vn 0.023529 -0.028669 0.999312
vn 0.613774 -0.747886 0.252880
vn 0.494163 -0.602140 0.627081
vn 0.365528 -0.445397 0.817320
vn 0.017483 -0.032709 0.999312
vn 0.456074 -0.853257 0.252882
vn 0.367197 -0.686977 0.627080
vn 0.271612 -0.508150 0.817319
vn 0.196699 -0.367997 0.908784
vn 0.139270 -0.260554 0.955361
vn 0.093075 -0.174132 0.980314
vn 0.053533 -0.100156 0.993531
vn 0.121126 -0.399301 0.908783
vn 0.085761 -0.282718 0.955362
vn 0.057316 -0.188944 0.980314
vn 0.032967 -0.108676 0.993531
vn 0.010766 -0.035491 0.999312
vn 0.280849 -0.925837 0.252881
vn 0.226119 -0.745413 0.627080
vn 0.167257 -0.551374 0.817320
vn 0.003637 -0.036909 0.999312
vn 0.094831 -0.962839 0.252879
vn 0.076351 -0.775204 0.627080
vn 0.056476 -0.573410 0.817320
vn 0.040900 -0.415259 0.908783
vn 0.028958 -0.294017 0.955362
vn 0.019353 -0.196496 0.980314
vn 0.011132 -0.113019 0.993530
vn -0.028959 -0.294017 0.955361
vn -0.019353 -0.196496 0.980314
vn -0.011133 -0.113019 0.993531
vn -0.003637 -0.036909 0.999312
vn -0.094832 -0.962839 0.252878
vn -0.076351 -0.775204 0.627080
vn -0.056477 -0.573410 0.817320
vn -0.040900 -0.415259 0.908783
vn -0.280850 -0.925838 0.252878
vn -0.226118 -0.745413 0.627081
vn -0.167257 -0.551374 0.817319
vn -0.121127 -0.399301 0.908783
vn -0.085761 -0.282718 0.955362
vn -0.057315 -0.188945 0.980314
vn -0.032966 -0.108676 0.993531
vn -0.010766 -0.035491 0.999312
vn -0.139270 -0.260554 0.955361
vn -0.093077 -0.174132 0.980314
vn -0.053534 -0.100156 0.993531
vn -0.017481 -0.032709 0.999312
vn -0.456076 -0.853257 0.252879
vn -0.367196 -0.686977 0.627080
vn -0.271612 -0.508150 0.817319
vn -0.196698 -0.367998 0.908783
vn -0.494164 -0.602140 0.627080
vn -0.365528 -0.445397 0.817319
vn -0.264712 -0.322552 0.908783
vn -0.187424 -0.228377 0.955362
vn -0.125259 -0.152628 0.980314
vn -0.072046 -0.087788 0.993530
vn -0.023532 -0.028669 0.999312
vn -0.613774 -0.747886 0.252878
vn -0.152627 -0.125259 0.980314
vn -0.087788 -0.072045 0.993531
vn -0.028669 -0.023528 0.999312
vn -0.747886 -0.613774 0.252879
vn -0.602140 -0.494163 0.627080
vn -0.445397 -0.365528 0.817319
vn -0.322552 -0.264712 0.908784
vn -0.228378 -0.187425 0.955361
vn -0.508149 -0.271612 0.817320
vn -0.367998 -0.196699 0.908783
vn -0.260555 -0.139269 0.955361
vn -0.174132 -0.093076 0.980314
vn -0.100156 -0.053534 0.993531
vn -0.032707 -0.017483 0.999312
vn -0.853257 -0.456075 0.252878
vn -0.686977 -0.367196 0.627080
vn -0.108676 -0.032966 0.993531
vn -0.035494 -0.010766 0.999312
vn -0.925838 -0.280849 0.252877
vn -0.745413 -0.226119 0.627080
vn -0.551374 -0.167257 0.817320
vn -0.399301 -0.121126 0.908783
vn -0.282717 -0.085762 0.955362
vn -0.188945 -0.057316 0.980314
vn -0.573410 -0.056476 0.817320
vn -0.415259 -0.040899 0.908783
vn -0.294018 -0.028958 0.955361
vn -0.196495 -0.019353 0.980314
vn -0.113019 -0.011131 0.993531
vn -0.036910 -0.003635 0.999312
vn -0.962840 -0.094831 0.252877
vn -0.775203 -0.076351 0.627081
vn -0.113019 0.011131 0.993530
vn -0.036909 0.003635 0.999312
vn -0.962840 0.094832 0.252877
vn -0.775203 0.076351 0.627081
vn -0.573411 0.056476 0.817319
vn -0.415259 0.040899 0.908783
vn -0.294016 0.028958 0.955362
vn -0.196496 0.019353 0.980314
vn -0.399300 0.121127 0.908784
vn -0.282717 0.085762 0.955362
vn -0.188945 0.057316 0.980314
vn -0.108677 0.032967 0.993530
vn -0.035491 0.010766 0.999312
vn -0.925838 0.280851 0.252878
vn -0.745413 0.226119 0.627080
vn -0.551374 0.167258 0.817320
vn -0.032710 0.017483 0.999312
vn -0.853257 0.456076 0.252878
vn -0.686977 0.367197 0.627080
vn -0.508149 0.271612 0.817320
vn -0.367998 0.196699 0.908783
vn -0.260554 0.139269 0.955362
vn -0.174132 0.093076 0.980314
vn -0.100156 0.053535 0.993531
vn -0.322553 0.264712 0.908783
vn -0.228377 0.187425 0.955362
vn -0.152628 0.125259 0.980314
vn -0.087787 0.072045 0.993531
vn -0.028667 0.023528 0.999312
vn -0.747886 0.613775 0.252878
vn -0.602140 0.494164 0.627080
vn -0.445397 0.365528 0.817319
vn -0.023529 0.028669 0.999312
vn -0.613774 0.747887 0.252877
vn -0.494163 0.602140 0.627080
vn -0.365528 0.445396 0.817320
vn -0.264712 0.322553 0.908783
vn -0.187424 0.228378 0.955362
vn -0.125258 0.152628 0.980314
vn -0.072046 0.087788 0.993530
vn -0.139269 0.260554 0.955362
vn -0.093076 0.174133 0.980314
vn -0.053534 0.100156 0.993531
vn -0.017486 0.032709 0.999312
vn -0.456075 0.853257 0.252878
vn -0.367197 0.686977 0.627079
vn -0.271611 0.508149 0.817320
vn -0.196699 0.367998 0.908783
vn -0.226119 0.745414 0.627079
vn -0.167257 0.551374 0.817320
vn -0.121127 0.399301 0.908783
vn -0.085761 0.282717 0.955362
vn -0.057315 0.188945 0.980314
vn -0.032967 0.108676 0.993531
vn -0.010766 0.035491 0.999312
vn -0.280850 0.925838 0.252877
vn -0.019353 0.196496 0.980314
vn -0.011131 0.113019 0.993531
vn -0.003636 0.036909 0.999312
vn -0.094836 0.962838 0.252882
vn -0.076352 0.775202 0.627082
vn -0.056477 0.573412 0.817318
vn -0.040900 0.415258 0.908784
vn -0.028958 0.294016 0.955362
vn 0.000000 0.000000 1.000000
vn 1.000000 0.000000 0.000000
vn 0.000000 -1.000000 0.000000
vn -1.000000 0.000000 0.000000
vn 0.000000 1.000000 0.000000
vn 0.000000 0.000000 -1.000000
vn 0.000000 0.000000 1.000000
vn 1.000000 0.000000 0.000000
vn 0.000000 -1.000000 0.000000
vn -1.000000 0.000000 0.000000
vn 0.000000 1.000000 0.000000
vn 0.000000 0.000000 -1.000000
vn 0.000000 0.000000 1.000000
vn 1.000000 0.000000 0.000000
vn 0.000000 -1.000000 0.000000
vn -1.000000 0.000000 0.000000
vn 0.000000 1.000000 0.000000
vn 0.000000 0.000000 -1.000000
vn 0.000000 0.000000 1.000000
vn 1.000000 0.000000 0.000000
vn 0.000000 -1.000000 0.000000
vn -1.000000 0.000000 0.000000
vn 0.000000 1.000000 0.000000
vn 0.000000 0.000000 -1.000000
vn 0.000000 0.000000 1.000000
vn 1.000000 0.000000 0.000000
vn 0.000000 -1.000000 0.000000
vn -1.000000 0.000000 0.000000
vn 0.000000 1.000000 0.000000
vn 0.000000 0.000000 -1.000000
vn 0.000000 0.000000 1.000000
vn 1.000000 0.000000 0.000000
vn 0.000000 -1.000000 0.000000
vn -1.000000 0.000000 0.000000
vn 0.000000 1.000000 0.000000
vn 0.000000 0.000000 -1.000000
vn 0.000000 0.000000 1.000000
vn 1.000000 0.000000 0.000000
vn 0.000000 -1.000000 0.000000
vn -1.000000 0.000000 0.000000
vn 0.000000 1.000000 0.000000
vn 0.000000 0.000000 -1.000000
vn 0.000000 0.000000 1.000000
vn 1.000000 0.000000 0.000000
vn 0.000000 -1.000000 0.000000
vn -1.000000 0.000000 0.000000
vn 0.000000 1.000000 0.000000
vn 0.000000 0.000000 -1.000000
vn 0.000000 0.000000 1.000000
vn 1.000000 0.000000 0.000000
vn 0.000000 -1.000000 0.000000
vn -1.000000 0.000000 0.000000
vn 0.000000 1.000000 0.000000
vn 0.000000 0.000000 -1.000000
vn 0.000000 0.000000 1.000000
vn 1.000000 0.000000 0.000000
vn 0.000000 -1.000000 0.000000
vn -1.000000 0.000000 0.000000
vn 0.000000 1.000000 0.000000
vn 0.000000 0.000000 -1.000000
vn 0.000000 0.000000 1.000000
vn 1.000000 0.000000 0.000000
vn 0.000000 -1.000000 0.000000
vn -1.000000 0.000000 0.000000
vn 0.000000 1.000000 0.000000
vn 0.000000 0.000000 -1.000000
vn 0.000000 0.000000 1.000000
vn 1.000000 0.000000 0.000000
vn 0.000000 -1.000000 0.000000
vn -1.000000 0.000000 0.000000
vn 0.000000 1.000000 0.000000
vn 0.000000 0.000000 -1.000000
vn 0.000000 0.000000 1.000000
vn 1.000000 0.000000 0.000000
vn 0.000000 -1.000000 0.000000
vn -1.000000 0.000000 0.000000
vn 0.000000 1.000000 0.000000
vn 0.000000 0.000000 -1.000000
vn 0.000000 0.000000 1.000000
vn 1.000000 0.000000 0.000000
vn 0.000000 -1.000000 0.000000
vn -1.000000 0.000000 0.000000
vn 0.000000 1.000000 0.000000
vn 0.000000 0.000000 -1.000000
vn 0.000000 0.000000 1.000000
vn 1.000000 0.000000 0.000000
vn 0.000000 -1.000000 0.000000
vn -1.000000 0.000000 0.000000
vn 0.000000 1.000000 0.000000
vn 0.000000 0.000000 -1.000000
vn 0.000000 0.000000 1.000000
vn 1.000000 0.000000 0.000000
vn 0.000000 -1.000000 0.000000
vn -1.000000 0.000000 0.000000
vn 0.000000 1.000000 0.000000
vn 0.000000 0.000000 -1.000000
vn 0.000000 0.000000 1.000000
vn 1.000000 0.000000 0.000000
vn 0.000000 -1.000000 0.000000
vn -1.000000 0.000000 0.000000
vn 0.000000 1.000000 0.000000
vn 0.000000 0.000000 -1.000000
vn 0.000000 0.000000 1.000000
vn 1.000000 0.000000 0.000000
vn 0.000000 -1.000000 0.000000
vn -1.000000 0.000000 0.000000
vn 0.000000 1.000000 0.000000
vn 0.000000 0.000000 -1.000000
vn 0.000000 0.000000 1.000000
vn 1.000000 0.000000 0.000000
vn 0.000000 -1.000000 0.000000
vn -1.000000 0.000000 0.000000
vn 0.000000 1.000000 0.000000
vn 0.000000 0.000000 -1.000000
vn 0.000000 0.000000 1.000000
vn 1.000000 0.000000 0.000000
vn 0.000000 -1.000000 0.000000
vn -1.000000 0.000000 0.000000
vn 0.000000 1.000000 0.000000
vn 0.000000 0.000000 -1.000000
vn 0.000000 0.000000 1.000000
vn 1.000000 0.000000 0.000000
vn 0.000000 -1.000000 0.000000
vn -1.000000 0.000000 0.000000
vn 0.000000 1.000000 0.000000
vn 0.000000 0.000000 -1.000000
vn 0.000000 0.000000 1.000000
vn 1.000000 0.000000 0.000000
vn 0.000000 -1.000000 0.000000
vn -1.000000 0.000000 0.000000
vn 0.000000 1.000000 0.000000
vn 0.000000 0.000000 -1.000000
vn 0.000000 0.000000 1.000000
vn 1.000000 0.000000 0.000000
vn 0.000000 -1.000000 0.000000
vn -1.000000 0.000000 0.000000
vn 0.000000 1.000000 0.000000
vn 0.000000 0.000000 -1.000000
vn 0.000000 0.000000 1.000000
vn 1.000000 0.000000 0.000000
vn 0.000000 -1.000000 0.000000
vn -1.000000 0.000000 0.000000
vn 0.000000 1.000000 0.000000
vn 0.000000 0.000000 -1.000000
vn 0.000000 0.000000 1.000000
vn 0.000000 0.000000 1.000000
usemtl mat_0.80_0.40_0.32
f 1/1/1 2/2/1 4/3/1
f 1/1/1 4/3/1 3/4/1
usemtl mat_0.34_0.65_0.80
f 5/5/2 6/6/2 8/7/2
f 5/5/2 8/7/2 7/8/2
usemtl mat_0.80_0.00_0.00
f 9/9/3 10/10/3 12/11/3
f 9/9/3 12/11/3 11/12/3
usemtl mat_0.80_0.00_0.00
f 13/13/4 14/14/4 16/15/4
f 13/13/4 16/15/4 15/16/4
usemtl mat_0.00_0.00_0.80
f 17/17/5 18/18/5 20/19/5
f 17/17/5 20/19/5 19/20/5
usemtl mat_0.00_0.00_0.80
f 21/21/6 22/22/6 24/23/6
f 21/21/6 24/23/6 23/24/6
usemtl mat_0.00_0.00_0.80
f 25/25/7 26/26/7 28/27/7
f 25/25/7 28/27/7 27/28/7
usemtl mat_0.80_0.00_0.00
f 29/29/8 30/30/8 32/31/8
f 29/29/8 32/31/8 31/32/8
usemtl mat_0.12_0.00_0.00
f 33/33/9 34/34/9 36/35/9
f 33/33/9 36/35/9 35/36/9
f 35/36/10 36/35/10 40/37/10
f 35/36/10 40/37/10 39/38/10
f 39/38/11 40/37/11 38/39/11
f 39/38/11 38/39/11 37/40/11
f 37/40/12 38/39/12 34/41/12
f 37/40/12 34/41/12 33/42/12
f 35/43/13 39/38/13 37/40/13
f 35/43/13 37/40/13 33/44/13
f 40/37/14 36/45/14 34/46/14
f 40/37/14 34/46/14 38/39/14
usemtl mat_0.14_0.00_0.00
f 41/47/15 42/48/15 44/49/15
f 41/47/15 44/49/15 43/50/15
f 43/50/16 44/49/16 48/51/16
f 43/50/16 48/51/16 47/52/16
f 47/52/17 48/51/17 46/53/17
f 47/52/17 46/53/17 45/54/17
f 45/54/18 46/53/18 42/55/18
f 45/54/18 42/55/18 41/56/18
f 43/57/19 47/52/19 45/54/19
f 43/57/19 45/54/19 41/58/19
f 48/51/20 44/59/20 42/60/20
f 48/51/20 42/60/20 46/53/20
usemtl mat_0.14_0.00_0.00
f 49/61/21 50/62/21 52/63/21
f 49/61/21 52/63/21 51/64/21
f 51/64/22 52/63/22 56/65/22
f 51/64/22 56/65/22 55/66/22
f 55/66/23 56/65/23 54/67/23
f 55/66/23 54/67/23 53/68/23
f 53/68/24 54/67/24 50/69/24
f 53/68/24 50/69/24 49/70/24
f 51/71/25 55/66/25 53/68/25
f 51/71/25 53/68/25 49/72/25
f 56/65/26 52/73/26 50/74/26
f 56/65/26 50/74/26 54/67/26
usemtl mat_0.12_0.00_0.00
f 57/75/27 58/76/27 60/77/27
f 57/75/27 60/77/27 59/78/27
f 59/78/28 60/77/28 64/79/28
f 59/78/28 64/79/28 63/80/28
f 63/80/29 64/79/29 62/81/29
f 63/80/29 62/81/29 61/82/29
f 61/82/30 62/81/30 58/83/30
f 61/82/30 58/83/30 57/84/30
f 59/85/31 63/80/31 61/82/31
f 59/85/31 61/82/31 57/86/31
f 64/79/32 60/87/32 58/88/32
f 64/79/32 58/88/32 62/81/32
usemtl mat_0.80_0.72_0.33
f 65/89/33 66/90/33 68/91/33
f 65/89/33 68/91/33 67/92/33
usemtl default
f 69/93/34 70/94/34 72/95/34
f 69/93/34 72/95/34 71/96/34
usemtl mat_0.14_0.00_0.00
f 73/97/35 74/98/35 76/99/35
f 73/97/35 76/99/35 75/100/35
usemtl default
f 77/101/36 78/102/36 80/103/36
f 77/101/36 80/103/36 79/104/36
f 79/104/37 80/103/37 84/105/37
f 79/104/37 84/105/37 83/106/37
f 83/106/38 84/105/38 82/107/38
f 83/106/38 82/107/38 81/108/38
f 81/108/39 82/107/39 78/109/39
f 81/108/39 78/109/39 77/110/39
f 79/111/40 83/106/40 81/108/40
f 79/111/40 81/108/40 77/112/40
f 84/105/41 80/113/41 78/114/41
f 84/105/41 78/114/41 82/107/41
usemtl mat_0.80_0.07_0.08
f 85/115/42 86/116/42 88/117/42
f 85/115/42 88/117/42 87/118/42
f 87/118/43 88/117/43 92/119/43
f 87/118/43 92/119/43 91/120/43
f 90/121/44 89/122/44 91/120/44
f 90/121/44 91/120/44 92/119/44
f 86/123/45 85/124/45 89/122/45
f 86/123/45 89/122/45 90/121/45
f 92/119/46 88/125/46 86/126/46
f 92/119/46 86/126/46 90/121/46
f 89/127/47 85/128/47 87/129/47
f 89/127/47 87/129/47 91/130/47
usemtl mat_0.80_0.14_0.15
f 93/131/48 94/132/48 96/133/48
f 93/131/48 96/133/48 95/134/48
f 95/134/49 96/133/49 100/135/49
f 95/134/49 100/135/49 99/136/49
f 98/137/50 97/138/50 99/136/50
f 98/137/50 99/136/50 100/135/50
f 94/139/51 93/140/51 97/138/51
f 94/139/51 97/138/51 98/137/51
f 100/135/52 96/141/52 94/142/52
f 100/135/52 94/142/52 98/137/52
f 97/143/53 93/144/53 95/145/53
f 97/143/53 95/145/53 99/146/53
usemtl mat_0.80_0.14_0.17
f 101/147/54 102/148/54 104/149/54
f 101/147/54 104/149/54 103/150/54
f 103/150/55 104/149/55 108/151/55
f 103/150/55 108/151/55 107/152/55
f 107/152/56 108/151/56 106/153/56
f 107/152/56 106/153/56 105/154/56
f 105/154/57 106/153/57 102/155/57
f 105/154/57 102/155/57 101/156/57
f 103/157/58 107/152/58 105/154/58
f 103/157/58 105/154/58 101/158/58
f 108/151/59 104/159/59 102/160/59
f 108/151/59 102/160/59 106/153/59
usemtl mat_0.80_0.16_0.18
f 109/161/60 110/162/60 112/163/60
f 109/161/60 112/163/60 111/164/60
f 111/164/61 112/163/61 116/165/61
f 111/164/61 116/165/61 115/166/61
f 115/166/62 116/165/62 114/167/62
f 115/166/62 114/167/62 113/168/62
f 113/168/63 114/167/63 110/169/63
f 113/168/63 110/169/63 109/170/63
f 111/171/64 115/166/64 113/168/64
f 111/171/64 113/168/64 109/172/64
f 116/165/65 112/173/65 110/174/65
f 116/165/65 110/174/65 114/167/65
usemtl mat_0.80_0.15_0.18
f 117/175/66 118/176/66 120/177/66
f 117/175/66 120/177/66 119/178/66
f 119/178/67 120/177/67 124/179/67
f 119/178/67 124/179/67 123/180/67
f 123/180/68 124/179/68 122/181/68
f 123/180/68 122/181/68 121/182/68
f 121/182/69 122/181/69 118/183/69
f 121/182/69 118/183/69 117/184/69
f 119/185/70 123/180/70 121/182/70
f 119/185/70 121/182/70 117/186/70
f 124/179/71 120/187/71 118/188/71
f 124/179/71 118/188/71 122/181/71
usemtl mat_0.09_0.31_0.80
f 125/189/72 126/190/72 128/191/72
f 125/189/72 128/191/72 127/192/72
f 127/192/73 128/191/73 132/193/73
f 127/192/73 132/193/73 131/194/73
f 130/195/74 129/196/74 131/194/74
f 130/195/74 131/194/74 132/193/74
f 126/197/75 125/198/75 129/196/75
f 126/197/75 129/196/75 130/195/75
f 132/193/76 128/199/76 126/200/76
f 132/193/76 126/200/76 130/195/76
f 129/201/77 125/202/77 127/203/77
f 129/201/77 127/203/77 131/204/77
usemtl mat_0.10_0.58_0.80
f 133/205/78 134/206/78 136/207/78
f 133/205/78 136/207/78 135/208/78
f 135/208/79 136/207/79 140/209/79
f 135/208/79 140/209/79 139/210/79
f 138/211/80 137/212/80 139/210/80
f 138/211/80 139/210/80 140/209/80
f 134/213/81 133/214/81 137/212/81
f 134/213/81 137/212/81 138/211/81
f 140/209/82 136/215/82 134/216/82
f 140/209/82 134/216/82 138/211/82
f 137/217/83 133/218/83 135/219/83
f 137/217/83 135/219/83 139/220/83
usemtl mat_0.08_0.51_0.80
f 141/221/84 142/222/84 144/223/84
f 141/221/84 144/223/84 143/224/84
f 143/224/85 144/223/85 148/225/85
f 143/224/85 148/225/85 147/226/85
f 147/226/86 148/225/86 146/227/86
f 147/226/86 146/227/86 145/228/86
f 145/228/87 146/227/87 142/229/87
f 145/228/87 142/229/87 141/230/87
f 143/231/88 147/226/88 145/228/88
f 143/231/88 145/228/88 141/232/88
f 148/225/89 144/233/89 142/234/89
f 148/225/89 142/234/89 146/227/89
usemtl mat_0.11_0.45_0.80
f 149/235/90 150/236/90 152/237/90
f 149/235/90 152/237/90 151/238/90
f 151/238/91 152/237/91 156/239/91
f 151/238/91 156/239/91 155/240/91
f 155/240/92 156/239/92 154/241/92
f 155/240/92 154/241/92 153/242/92
f 153/242/93 154/241/93 150/243/93
f 153/242/93 150/243/93 149/244/93
f 151/245/94 155/240/94 153/242/94
f 151/245/94 153/242/94 149/246/94
f 156/239/95 152/247/95 150/248/95
f 156/239/95 150/248/95 154/241/95
usemtl mat_0.11_0.44_0.80
f 157/249/96 158/250/96 160/251/96
f 157/249/96 160/251/96 159/252/96
f 159/252/97 160/251/97 164/253/97
f 159/252/97 164/253/97 163/254/97
f 163/254/98 164/253/98 162/255/98
f 163/254/98 162/255/98 161/256/98
f 161/256/99 162/255/99 158/257/99
f 161/256/99 158/257/99 157/258/99
f 159/259/100 163/254/100 161/256/100
f 159/259/100 161/256/100 157/260/100
f 164/253/101 160/261/101 158/262/101
f 164/253/101 158/262/101 162/255/101
usemtl mat_0.11_0.00_0.00
f 165/263/102 166/264/102 168/265/102
f 165/263/102 168/265/102 167/266/102
f 167/266/103 168/265/103 172/267/103
f 167/266/103 172/267/103 171/268/103
f 171/268/104 172/267/104 170/269/104
f 171/268/104 170/269/104 169/270/104
f 169/270/105 170/269/105 166/271/105
f 169/270/105 166/271/105 165/272/105
f 167/273/106 171/268/106 169/270/106
f 167/273/106 169/270/106 165/274/106
f 172/267/107 168/275/107 166/276/107
f 172/267/107 166/276/107 170/269/107
usemtl mat_0.11_0.00_0.00
f 173/277/108 174/278/108 176/279/108
f 173/277/108 176/279/108 175/280/108
f 175/280/109 176/279/109 180/281/109
f 175/280/109 180/281/109 179/282/109
f 179/282/110 180/281/110 178/283/110
f 179/282/110 178/283/110 177/284/110
f 177/284/111 178/283/111 174/285/111
f 177/284/111 174/285/111 173/286/111
f 175/287/112 179/282/112 177/284/112
f 175/287/112 177/284/112 173/288/112
f 180/281/113 176/289/113 174/290/113
f 180/281/113 174/290/113 178/283/113
usemtl mat_0.11_0.00_0.00
f 181/291/114 182/292/114 184/293/114
f 181/291/114 184/293/114 183/294/114
f 183/294/115 184/293/115 188/295/115
f 183/294/115 188/295/115 187/296/115
f 187/296/116 188/295/116 186/297/116
f 187/296/116 186/297/116 185/298/116
f 185/298/117 186/297/117 182/299/117
f 185/298/117 182/299/117 181/300/117
f 183/301/118 187/296/118 185/298/118
f 183/301/118 185/298/118 181/302/118
f 188/295/119 184/303/119 182/304/119
f 188/295/119 182/304/119 186/297/119
usemtl mat_0.11_0.00_0.00
f 189/305/120 190/306/120 192/307/120
f 189/305/120 192/307/120 191/308/120
f 191/308/121 192/307/121 196/309/121
f 191/308/121 196/309/121 195/310/121
f 195/310/122 196/309/122 194/311/122
f 195/310/122 194/311/122 193/312/122
f 193/312/123 194/311/123 190/313/123
f 193/312/123 190/313/123 189/314/123
f 191/315/124 195/310/124 193/312/124
f 191/315/124 193/312/124 189/316/124
f 196/309/125 192/317/125 190/318/125
f 196/309/125 190/318/125 194/311/125
usemtl mat_0.11_0.00_0.00
f 197/319/126 198/320/126 200/321/126
f 197/319/126 200/321/126 199/322/126
f 199/322/127 200/321/127 204/323/127
f 199/322/127 204/323/127 203/324/127
f 203/324/128 204/323/128 202/325/128
f 203/324/128 202/325/128 201/326/128
f 201/326/129 202/325/129 198/327/129
f 201/326/129 198/327/129 197/328/129
f 199/329/130 203/324/130 201/326/130
f 199/329/130 201/326/130 197/330/130
f 204/323/131 200/331/131 198/332/131
f 204/323/131 198/332/131 202/325/131
usemtl mat_0.11_0.00_0.00
f 205/333/132 206/334/132 208/335/132
f 205/333/132 208/335/132 207/336/132
f 207/336/133 208/335/133 212/337/133
f 207/336/133 212/337/133 211/338/133
f 211/338/134 212/337/134 210/339/134
f 211/338/134 210/339/134 209/340/134
f 209/340/135 210/339/135 206/341/135
f 209/340/135 206/341/135 205/342/135
f 207/343/136 211/338/136 209/340/136
f 207/343/136 209/340/136 205/344/136
f 212/337/137 208/345/137 206/346/137
f 212/337/137 206/346/137 210/339/137
usemtl default
f 213/347/138 214/348/138 216/349/138
f 213/347/138 216/349/138 215/350/138
f 215/350/139 216/349/139 220/351/139
f 215/350/139 220/351/139 219/352/139
f 219/352/140 220/351/140 218/353/140
f 219/352/140 218/353/140 217/354/140
f 217/354/141 218/353/141 214/355/141
f 217/354/141 214/355/141 213/356/141
f 215/357/142 219/352/142 217/354/142
f 215/357/142 217/354/142 213/358/142
f 220/351/143 216/359/143 214/360/143
f 220/351/143 214/360/143 218/353/143
usemtl mat_0.80_0.18_0.19
f 221/361/144 222/362/144 224/363/144
f 221/361/144 224/363/144 223/364/144
usemtl mat_0.17_0.63_0.80
f 225/365/145 226/366/145 228/367/145
f 225/365/145 228/367/145 227/368/145
usemtl mat_0.80_0.18_0.16
f 229/369/146 230/370/146 232/371/146
f 229/369/146 232/371/146 231/372/146
f 231/372/147 232/371/147 236/373/147
f 231/372/147 236/373/147 235/374/147
f 235/374/148 236/373/148 234/375/148
f 235/374/148 234/375/148 233/376/148
f 233/376/149 234/375/149 230/377/149
f 233/376/149 230/377/149 229/378/149
f 231/379/150 235/374/150 233/376/150
f 231/379/150 233/376/150 229/380/150
f 236/373/151 232/381/151 230/382/151
f 236/373/151 230/382/151 234/375/151
usemtl mat_0.18_0.60_0.80
f 237/383/152 238/384/152 240/385/152
f 237/383/152 240/385/152 239/386/152
f 239/386/153 240/385/153 244/387/153
f 239/386/153 244/387/153 243/388/153
f 243/388/154 244/387/154 242/389/154
f 243/388/154 242/389/154 241/390/154
f 241/390/155 242/389/155 238/391/155
f 241/390/155 238/391/155 237/392/155
f 239/393/156 243/388/156 241/390/156
f 239/393/156 241/390/156 237/394/156
f 244/387/157 240/395/157 238/396/157
f 244/387/157 238/396/157 242/389/157
usemtl mat_0.00_0.17_0.00
f 245/397/158 246/398/158 248/399/158
f 245/397/158 248/399/158 247/400/158
usemtl mat_0.00_0.17_0.00
f 249/401/159 250/402/159 252/403/159
f 249/401/159 252/403/159 251/404/159
usemtl mat_0.00_0.17_0.00
f 253/405/160 254/406/160 256/407/160
f 253/405/160 256/407/160 255/408/160
usemtl mat_0.00_0.17_0.00
f 257/409/161 258/410/161 260/411/161
f 257/409/161 260/411/161 259/412/161
usemtl mat_0.00_0.17_0.00
f 261/413/162 262/414/162 264/415/162
f 261/413/162 264/415/162 263/416/162
usemtl mat_0.00_0.17_0.00
f 265/417/163 266/418/163 268/419/163
f 265/417/163 268/419/163 267/420/163
usemtl default
f 269/421/164 270/422/164 272/423/164
f 269/421/164 272/423/164 271/424/164
usemtl default
f 273/425/165 274/426/165 276/427/165
f 273/425/165 276/427/165 275/428/165
usemtl mat_0.00_0.17_0.00
f 277/429/166 278/430/166 280/431/166
f 277/429/166 280/431/166 279/432/166
usemtl mat_0.00_0.17_0.00
f 281/433/167 282/434/167 284/435/167
f 281/433/167 284/435/167 283/436/167
usemtl mat_0.00_0.17_0.00
f 285/437/168 286/438/168 288/439/168
f 285/437/168 288/439/168 287/440/168
usemtl mat_0.00_0.17_0.00
f 289/441/169 290/442/169 292/443/169
f 289/441/169 292/443/169 291/444/169
usemtl mat_0.80_0.00_0.00
f 293/445/170 294/446/170 296/447/170
f 293/445/170 296/447/170 295/448/170
usemtl mat_0.01_0.01_0.80
f 297/449/171 298/450/171 300/451/171
f 297/449/171 300/451/171 299/452/171
usemtl mat_0.14_0.05_0.05
f 597/453/172 538/454/172 537/455/172
f 597/453/172 537/455/172 596/456/172
f 603/457/173 539/458/173 538/454/173
f 603/457/173 538/454/173 597/453/173
f 620/459/174 544/460/174 539/458/174
f 620/459/174 539/458/174 603/457/174
f 619/461/175 543/462/175 544/460/175
f 619/461/175 544/460/175 620/459/175
f 621/463/176 545/464/176 543/462/176
f 621/463/176 543/462/176 619/461/176
f 618/465/177 542/466/177 545/464/177
f 618/465/177 545/464/177 621/463/177
f 617/467/178 541/468/178 542/466/178
f 617/467/178 542/466/178 618/465/178
f 616/469/179 540/470/179 541/468/179
f 616/469/179 541/468/179 617/467/179
f 536/471/180 465/472/180 540/470/180
f 536/471/180 540/470/180 616/469/180
f 535/473/181 464/474/181 465/472/181
f 535/473/181 465/472/181 536/471/181
f 520/475/182 463/476/182 464/474/182
f 520/475/182 464/474/182 535/473/182
f 519/477/183 462/478/183 463/476/183
f 519/477/183 463/476/183 520/475/183
f 518/479/184 461/480/184 462/478/184
f 518/479/184 462/478/184 519/477/184
f 475/481/185 460/482/185 461/480/185
f 475/481/185 461/480/185 518/479/185
f 467/483/186 459/484/186 460/482/186
f 467/483/186 460/482/186 475/481/186
f 466/485/187 458/486/187 459/484/187
f 466/485/187 459/484/187 467/483/187
f 330/487/188 307/488/188 458/486/188
f 330/487/188 458/486/188 466/485/188
f 324/489/189 306/490/189 307/488/189
f 324/489/189 307/488/189 330/487/189
f 309/491/190 302/492/190 306/490/190
f 309/491/190 306/490/190 324/489/190
f 310/493/191 303/494/191 302/492/191
f 310/493/191 302/492/191 309/491/191
f 308/495/192 301/496/192 303/494/192
f 308/495/192 303/494/192 310/493/192
f 311/497/193 304/498/193 301/496/193
f 311/497/193 301/496/193 308/495/193
f 312/499/194 305/500/194 304/498/194
f 312/499/194 304/498/194 311/497/194
f 386/501/195 378/502/195 305/500/195
f 386/501/195 305/500/195 312/499/195
f 387/503/196 379/504/196 378/502/196
f 387/503/196 378/502/196 386/501/196
f 388/505/197 380/506/197 379/504/197
f 388/505/197 379/504/197 387/503/197
f 404/507/198 381/508/198 380/506/198
f 404/507/198 380/506/198 388/505/198
f 405/509/199 382/510/199 381/508/199
f 405/509/199 381/508/199 404/507/199
f 406/511/200 383/512/200 382/510/200
f 406/511/200 382/510/200 405/509/200
f 450/513/201 384/514/201 383/512/201
f 450/513/201 383/512/201 406/511/201
f 597/515/202 596/516/202 457/517/202
f 457/517/202 450/518/202 406/519/202
f 406/519/202 405/520/202 404/521/202
f 404/521/202 388/522/202 387/523/202
f 387/523/202 386/524/202 312/525/202
f 312/525/202 311/526/202 308/527/202
f 308/527/202 310/528/202 309/529/202
f 309/529/202 324/530/202 330/531/202
f 330/531/202 466/532/202 467/533/202
f 467/533/202 475/534/202 518/535/202
f 518/535/202 519/536/202 520/537/202
f 535/538/202 615/539/202 610/540/202
f 535/538/202 610/540/202 534/541/202
f 518/535/202 520/537/202 535/538/202
f 330/531/202 467/533/202 518/535/202
f 308/527/202 309/529/202 330/531/202
f 387/523/202 312/525/202 308/527/202
f 406/519/202 404/521/202 387/523/202
f 597/515/202 457/517/202 406/519/202
f 613/542/202 603/543/202 597/515/202
f 585/544/202 613/542/202 597/515/202
f 597/515/202 406/519/202 387/523/202
f 387/523/202 308/527/202 330/531/202
f 330/531/202 518/535/202 535/538/202
f 535/538/202 534/541/202 532/545/202
f 535/538/202 532/545/202 525/546/202
f 602/547/202 585/544/202 597/515/202
f 600/548/202 602/547/202 597/515/202
f 535/538/202 525/546/202 523/549/202
f 535/538/202 523/549/202 508/550/202
f 595/551/202 600/548/202 597/515/202
f 591/552/202 595/551/202 597/515/202
f 535/538/202 508/550/202 480/553/202
f 535/538/202 480/553/202 478/554/202
f 454/555/202 591/552/202 597/515/202
f 449/556/202 454/555/202 597/515/202
f 330/531/202 535/538/202 478/554/202
f 330/531/202 478/554/202 472/557/202
f 447/558/202 449/556/202 597/515/202
f 447/558/202 597/515/202 387/523/202
f 330/531/202 472/557/202 336/559/202
f 330/531/202 336/559/202 332/560/202
f 424/561/202 447/558/202 387/523/202
f 403/562/202 424/561/202 387/523/202
f 330/531/202 332/560/202 329/563/202
f 330/531/202 329/563/202 327/564/202
f 401/565/202 403/562/202 387/523/202
f 392/566/202 401/565/202 387/523/202
f 330/531/202 327/564/202 347/567/202
f 330/531/202 347/567/202 317/568/202
f 390/569/202 392/566/202 387/523/202
f 319/570/202 390/569/202 387/523/202
f 387/523/202 330/531/202 317/568/202
f 315/571/202 319/570/202 387/523/202
f 387/523/202 317/568/202 315/571/202
f 620/572/202 603/543/202 613/542/202
f 615/539/202 535/538/202 536/573/202
f 620/572/202 613/542/202 615/539/202
f 621/574/202 619/575/202 620/572/202
f 617/576/202 618/577/202 621/574/202
f 536/573/202 616/578/202 617/576/202
f 620/572/202 615/539/202 536/573/202
f 617/576/202 621/574/202 620/572/202
f 536/573/202 617/576/202 620/572/202
f 457/579/203 385/580/203 384/514/203
f 457/579/203 384/514/203 450/513/203
f 596/581/204 537/582/204 385/580/204
f 596/581/204 385/580/204 457/579/204
f 542/583/205 541/584/205 540/585/205
f 540/585/205 465/586/205 464/587/205
f 464/587/205 463/588/205 462/589/205
f 462/589/205 461/590/205 460/591/205
f 460/591/205 459/592/205 458/593/205
f 458/593/205 307/594/205 306/595/205
f 306/595/205 302/596/205 303/597/205
f 303/597/205 301/598/205 304/599/205
f 304/599/205 305/600/205 378/601/205
f 378/601/205 379/602/205 380/603/205
f 380/603/205 381/604/205 382/605/205
f 382/605/205 383/606/205 384/607/205
f 384/607/205 385/608/205 537/609/205
f 537/609/205 538/610/205 539/611/205
f 539/611/205 544/612/205 543/613/205
f 543/613/205 545/614/205 542/583/205
f 542/583/205 540/585/205 464/587/205
f 464/587/205 462/589/205 460/591/205
f 460/591/205 458/593/205 306/595/205
f 306/595/205 303/597/205 304/599/205
f 304/599/205 378/601/205 380/603/205
f 380/603/205 382/605/205 384/607/205
f 384/607/205 537/609/205 539/611/205
f 539/611/205 543/613/205 542/583/205
f 542/583/205 464/587/205 460/591/205
f 460/591/205 306/595/205 304/599/205
f 304/599/205 380/603/205 384/607/205
f 384/607/205 539/611/205 542/583/205
f 542/583/205 460/591/205 304/599/205
f 304/599/205 384/607/205 542/583/205
f 562/615/206 563/616/206 565/617/206
f 562/615/206 565/617/206 564/618/206
f 560/619/207 561/620/207 563/616/207
f 560/619/207 563/616/207 562/615/207
f 552/621/208 553/622/208 561/620/208
f 552/621/208 561/620/208 560/619/208
f 546/623/209 553/622/209 552/621/209
f 595/472/210 591/470/210 590/624/210
f 595/472/210 590/624/210 594/625/210
f 587/626/211 589/627/211 594/625/211
f 587/626/211 594/625/211 590/624/211
f 589/627/212 587/626/212 586/628/212
f 589/627/212 586/628/212 588/629/212
f 564/618/213 565/617/213 588/629/213
f 564/618/213 588/629/213 586/628/213
f 565/617/214 568/630/214 592/631/214
f 565/617/214 592/631/214 588/629/214
f 568/630/215 565/617/215 563/616/215
f 568/630/215 563/616/215 566/632/215
f 561/620/216 554/633/216 566/632/216
f 561/620/216 566/632/216 563/616/216
f 553/622/217 547/634/217 554/633/217
f 553/622/217 554/633/217 561/620/217
f 546/635/218 547/634/218 553/622/218
f 594/625/219 599/636/219 600/474/219
f 594/625/219 600/474/219 595/472/219
f 589/627/220 593/637/220 599/636/220
f 589/627/220 599/636/220 594/625/220
f 588/629/221 592/631/221 593/637/221
f 588/629/221 593/637/221 589/627/221
f 546/638/222 550/639/222 547/634/222
f 602/476/223 600/474/223 599/636/223
f 602/476/223 599/636/223 601/640/223
f 593/637/224 598/641/224 601/640/224
f 593/637/224 601/640/224 599/636/224
f 592/631/225 580/642/225 598/641/225
f 592/631/225 598/641/225 593/637/225
f 580/642/226 592/631/226 568/630/226
f 580/642/226 568/630/226 578/643/226
f 566/632/227 567/644/227 578/643/227
f 566/632/227 578/643/227 568/630/227
f 554/633/228 558/645/228 567/644/228
f 554/633/228 567/644/228 566/632/228
f 547/634/229 550/639/229 558/645/229
f 547/634/229 558/645/229 554/633/229
f 567/644/230 576/646/230 577/647/230
f 567/644/230 577/647/230 578/643/230
f 558/645/231 557/648/231 576/646/231
f 558/645/231 576/646/231 567/644/231
f 550/639/232 549/649/232 557/648/232
f 550/639/232 557/648/232 558/645/232
f 546/650/233 549/649/233 550/639/233
f 601/640/234 584/651/234 585/478/234
f 601/640/234 585/478/234 602/476/234
f 598/641/235 583/652/235 584/651/235
f 598/641/235 584/651/235 601/640/235
f 583/652/236 598/641/236 580/642/236
f 583/652/236 580/642/236 582/653/236
f 578/643/237 577/647/237 582/653/237
f 578/643/237 582/653/237 580/642/237
f 613/480/238 585/478/238 584/651/238
f 613/480/238 584/651/238 612/654/238
f 583/652/239 611/655/239 612/654/239
f 583/652/239 612/654/239 584/651/239
f 582/653/240 581/656/240 611/655/240
f 582/653/240 611/655/240 583/652/240
f 577/647/241 579/657/241 581/656/241
f 577/647/241 581/656/241 582/653/241
f 576/646/242 571/658/242 579/657/242
f 576/646/242 579/657/242 577/647/242
f 557/648/243 559/659/243 571/658/243
f 557/648/243 571/658/243 576/646/243
f 549/649/244 551/660/244 559/659/244
f 549/649/244 559/659/244 557/648/244
f 546/661/245 551/660/245 549/649/245
f 571/658/246 572/662/246 575/663/246
f 571/658/246 575/663/246 579/657/246
f 559/659/247 556/664/247 572/662/247
f 559/659/247 572/662/247 571/658/247
f 551/660/248 548/665/248 556/664/248
f 551/660/248 556/664/248 559/659/248
f 546/666/249 548/665/249 551/660/249
f 612/654/250 614/667/250 615/482/250
f 612/654/250 615/482/250 613/480/250
f 611/655/251 608/668/251 614/667/251
f 611/655/251 614/667/251 612/654/251
f 581/656/252 607/669/252 608/668/252
f 581/656/252 608/668/252 611/655/252
f 579/657/253 575/663/253 607/669/253
f 579/657/253 607/669/253 581/656/253
f 608/668/254 606/670/254 609/671/254
f 608/668/254 609/671/254 614/667/254
f 607/669/255 604/672/255 606/670/255
f 607/669/255 606/670/255 608/668/255
f 575/663/256 574/673/256 604/672/256
f 575/663/256 604/672/256 607/669/256
f 572/662/257 570/674/257 574/673/257
f 572/662/257 574/673/257 575/663/257
f 556/664/258 569/675/258 570/674/258
f 556/664/258 570/674/258 572/662/258
f 548/665/259 555/676/259 569/675/259
f 548/665/259 569/675/259 556/664/259
f 546/677/260 555/676/260 548/665/260
f 610/484/261 615/482/261 614/667/261
f 610/484/261 614/667/261 609/671/261
f 569/675/262 513/678/262 515/679/262
f 569/675/262 515/679/262 570/674/262
f 555/676/263 498/680/263 513/678/263
f 555/676/263 513/678/263 569/675/263
f 546/681/264 498/680/264 555/676/264
f 609/671/265 533/682/265 534/486/265
f 609/671/265 534/486/265 610/484/265
f 606/670/266 605/683/266 533/682/266
f 606/670/266 533/682/266 609/671/266
f 604/672/267 529/684/267 605/683/267
f 604/672/267 605/683/267 606/670/267
f 574/673/268 573/685/268 529/684/268
f 574/673/268 529/684/268 604/672/268
f 570/674/269 515/679/269 573/685/269
f 570/674/269 573/685/269 574/673/269
f 605/683/270 530/686/270 531/687/270
f 605/683/270 531/687/270 533/682/270
f 529/684/271 528/688/271 530/686/271
f 529/684/271 530/686/271 605/683/271
f 573/685/272 517/689/272 528/688/272
f 573/685/272 528/688/272 529/684/272
f 515/679/273 514/690/273 517/689/273
f 515/679/273 517/689/273 573/685/273
f 513/678/274 512/691/274 514/690/274
f 513/678/274 514/690/274 515/679/274
f 498/680/275 497/692/275 512/691/275
f 498/680/275 512/691/275 513/678/275
f 546/693/276 497/692/276 498/680/276
f 533/682/277 531/687/277 532/488/277
f 533/682/277 532/488/277 534/486/277
f 512/691/278 499/694/278 511/695/278
f 512/691/278 511/695/278 514/690/278
f 497/692/279 493/696/279 499/694/279
f 497/692/279 499/694/279 512/691/279
f 546/697/280 493/696/280 497/692/280
f 531/687/281 524/698/281 525/490/281
f 531/687/281 525/490/281 532/488/281
f 530/686/282 527/699/282 524/698/282
f 530/686/282 524/698/282 531/687/282
f 528/688/283 526/700/283 527/699/283
f 528/688/283 527/699/283 530/686/283
f 517/689/284 516/701/284 526/700/284
f 517/689/284 526/700/284 528/688/284
f 514/690/285 511/695/285 516/701/285
f 514/690/285 516/701/285 517/689/285
f 526/700/286 509/702/286 521/703/286
f 526/700/286 521/703/286 527/699/286
f 516/701/287 503/704/287 509/702/287
f 516/701/287 509/702/287 526/700/287
f 511/695/288 510/705/288 503/704/288
f 511/695/288 503/704/288 516/701/288
f 499/694/289 496/706/289 510/705/289
f 499/694/289 510/705/289 511/695/289
f 493/696/290 492/707/290 496/706/290
f 493/696/290 496/706/290 499/694/290
f 546/708/291 492/707/291 493/696/291
f 524/698/292 522/709/292 523/492/292
f 524/698/292 523/492/292 525/490/292
f 527/699/293 521/703/293 522/709/293
f 527/699/293 522/709/293 524/698/293
f 495/710/294 496/706/294 492/707/294
f 495/710/294 492/707/294 491/711/294
f 546/712/295 491/711/295 492/707/295
f 522/709/296 507/713/296 508/494/296
f 522/709/296 508/494/296 523/492/296
f 521/703/297 506/714/297 507/713/297
f 521/703/297 507/713/297 522/709/297
f 509/702/298 505/715/298 506/714/298
f 509/702/298 506/714/298 521/703/298
f 503/704/299 502/716/299 505/715/299
f 503/704/299 505/715/299 509/702/299
f 510/705/300 501/717/300 502/716/300
f 510/705/300 502/716/300 503/704/300
f 496/706/301 495/710/301 501/717/301
f 496/706/301 501/717/301 510/705/301
f 502/716/302 500/718/302 504/719/302
f 502/716/302 504/719/302 505/715/302
f 501/717/303 486/720/303 500/718/303
f 501/717/303 500/718/303 502/716/303
f 486/720/304 501/717/304 495/710/304
f 486/720/304 495/710/304 494/721/304
f 491/711/305 490/722/305 494/721/305
f 491/711/305 494/721/305 495/710/305
f 546/723/306 490/722/306 491/711/306
f 507/713/307 479/724/307 480/496/307
f 507/713/307 480/496/307 508/494/307
f 506/714/308 476/725/308 479/724/308
f 506/714/308 479/724/308 507/713/308
f 505/715/309 504/719/309 476/725/309
f 505/715/309 476/725/309 506/714/309
f 546/726/310 489/727/310 490/722/310
f 479/724/311 477/728/311 478/498/311
f 479/724/311 478/498/311 480/496/311
f 476/725/312 473/729/312 477/728/312
f 476/725/312 477/728/312 479/724/312
f 504/719/313 474/730/313 473/729/313
f 504/719/313 473/729/313 476/725/313
f 500/718/314 484/731/314 474/730/314
f 500/718/314 474/730/314 504/719/314
f 484/731/315 500/718/315 486/720/315
f 484/731/315 486/720/315 485/732/315
f 494/721/316 488/733/316 485/732/316
f 494/721/316 485/732/316 486/720/316
f 490/722/317 489/727/317 488/733/317
f 490/722/317 488/733/317 494/721/317
f 484/731/318 481/734/318 470/735/318
f 484/731/318 470/735/318 474/730/318
f 485/732/319 483/736/319 481/734/319
f 485/732/319 481/734/319 484/731/319
f 483/736/320 485/732/320 488/733/320
f 483/736/320 488/733/320 482/737/320
f 489/727/321 487/738/321 482/737/321
f 489/727/321 482/737/321 488/733/321
f 546/739/322 487/738/322 489/727/322
f 477/728/323 471/740/323 472/500/323
f 477/728/323 472/500/323 478/498/323
f 473/729/324 469/741/324 471/740/324
f 473/729/324 471/740/324 477/728/324
f 474/730/325 470/735/325 469/741/325
f 474/730/325 469/741/325 473/729/325
f 371/742/326 487/738/326 546/743/326
f 471/740/327 335/744/327 336/502/327
f 471/740/327 336/502/327 472/500/327
f 335/744/328 471/740/328 469/741/328
f 335/744/328 469/741/328 468/745/328
f 470/735/329 339/746/329 468/745/329
f 470/735/329 468/745/329 469/741/329
f 339/746/330 470/735/330 481/734/330
f 339/746/330 481/734/330 360/747/330
f 483/736/331 362/748/331 360/747/331
f 483/736/331 360/747/331 481/734/331
f 362/748/332 483/736/332 482/737/332
f 362/748/332 482/737/332 364/749/332
f 364/749/333 482/737/333 487/738/333
f 364/749/333 487/738/333 371/742/333
f 362/748/334 361/750/334 359/751/334
f 362/748/334 359/751/334 360/747/334
f 361/750/335 362/748/335 364/749/335
f 361/750/335 364/749/335 363/752/335
f 363/752/336 364/749/336 371/742/336
f 363/752/336 371/742/336 370/753/336
f 370/753/337 371/742/337 546/754/337
f 335/744/338 331/755/338 332/504/338
f 335/744/338 332/504/338 336/502/338
f 331/755/339 335/744/339 468/745/339
f 331/755/339 468/745/339 337/756/339
f 339/746/340 338/757/340 337/756/340
f 339/746/340 337/756/340 468/745/340
f 338/757/341 339/746/341 360/747/341
f 338/757/341 360/747/341 359/751/341
f 329/506/342 332/504/342 331/755/342
f 329/506/342 331/755/342 328/758/342
f 337/756/343 333/759/343 328/758/343
f 337/756/343 328/758/343 331/755/343
f 333/759/344 337/756/344 338/757/344
f 333/759/344 338/757/344 334/760/344
f 334/760/345 338/757/345 359/751/345
f 334/760/345 359/751/345 356/761/345
f 361/750/346 358/762/346 356/761/346
f 361/750/346 356/761/346 359/751/346
f 358/762/347 361/750/347 363/752/347
f 358/762/347 363/752/347 372/763/347
f 372/763/348 363/752/348 370/753/348
f 372/763/348 370/753/348 377/764/348
f 377/764/349 370/753/349 546/765/349
f 341/766/350 356/761/350 358/762/350
f 341/766/350 358/762/350 357/767/350
f 357/767/351 358/762/351 372/763/351
f 357/767/351 372/763/351 366/768/351
f 366/768/352 372/763/352 377/764/352
f 366/768/352 377/764/352 374/769/352
f 374/769/353 377/764/353 546/770/353
f 328/758/354 326/771/354 327/508/354
f 328/758/354 327/508/354 329/506/354
f 333/759/355 325/772/355 326/771/355
f 333/759/355 326/771/355 328/758/355
f 325/772/356 333/759/356 334/760/356
f 325/772/356 334/760/356 349/773/356
f 356/761/357 341/766/357 349/773/357
f 356/761/357 349/773/357 334/760/357
f 346/774/358 326/771/358 325/772/358
f 346/774/358 325/772/358 345/775/358
f 349/773/359 344/776/359 345/775/359
f 349/773/359 345/775/359 325/772/359
f 341/766/360 342/777/360 344/776/360
f 341/766/360 344/776/360 349/773/360
f 342/777/361 341/766/361 357/767/361
f 342/777/361 357/767/361 343/778/361
f 343/778/362 357/767/362 366/768/362
f 343/778/362 366/768/362 367/779/362
f 367/779/363 366/768/363 374/769/363
f 367/779/363 374/769/363 375/780/363
f 375/780/364 374/769/364 546/781/364
f 347/510/365 327/508/365 326/771/365
f 347/510/365 326/771/365 346/774/365
f 353/782/366 343/778/366 367/779/366
f 353/782/366 367/779/366 365/783/366
f 365/783/367 367/779/367 375/780/367
f 365/783/367 375/780/367 373/784/367
f 375/780/368 546/785/368 373/784/368
f 346/774/369 316/786/369 317/512/369
f 346/774/369 317/512/369 347/510/369
f 345/775/370 313/787/370 316/786/370
f 345/775/370 316/786/370 346/774/370
f 313/787/371 345/775/371 344/776/371
f 313/787/371 344/776/371 348/788/371
f 342/777/372 340/789/372 348/788/372
f 342/777/372 348/788/372 344/776/372
f 340/789/373 342/777/373 343/778/373
f 340/789/373 343/778/373 353/782/373
f 348/788/374 321/790/374 320/791/374
f 348/788/374 320/791/374 313/787/374
f 321/790/375 348/788/375 340/789/375
f 321/790/375 340/789/375 350/792/375
f 350/792/376 340/789/376 353/782/376
f 350/792/376 353/782/376 352/793/376
f 352/793/377 353/782/377 365/783/377
f 352/793/377 365/783/377 369/794/377
f 369/794/378 365/783/378 373/784/378
f 369/794/378 373/784/378 376/795/378
f 373/784/379 546/796/379 376/795/379
f 315/514/380 317/512/380 316/786/380
f 315/514/380 316/786/380 314/797/380
f 313/787/381 320/791/381 314/797/381
f 313/787/381 314/797/381 316/786/381
f 355/798/382 369/794/382 376/795/382
f 355/798/382 376/795/382 368/799/382
f 368/799/383 376/795/383 546/800/383
f 314/797/384 318/801/384 319/580/384
f 314/797/384 319/580/384 315/514/384
f 320/791/385 322/802/385 318/801/385
f 320/791/385 318/801/385 314/797/385
f 322/802/386 320/791/386 321/790/386
f 322/802/386 321/790/386 323/803/386
f 350/792/387 351/804/387 323/803/387
f 350/792/387 323/803/387 321/790/387
f 351/804/388 350/792/388 352/793/388
f 351/804/388 352/793/388 354/805/388
f 354/805/389 352/793/389 369/794/389
f 354/805/389 369/794/389 355/798/389
f 393/806/390 322/802/390 323/803/390
f 393/806/390 323/803/390 395/807/390
f 395/807/391 323/803/391 351/804/391
f 395/807/391 351/804/391 407/808/391
f 354/805/392 410/809/392 407/808/392
f 354/805/392 407/808/392 351/804/392
f 410/809/393 354/805/393 355/798/393
f 410/809/393 355/798/393 412/810/393
f 412/810/394 355/798/394 368/799/394
f 412/810/394 368/799/394 426/811/394
f 368/799/395 546/812/395 426/811/395
f 390/582/396 319/580/396 318/801/396
f 390/582/396 318/801/396 389/813/396
f 389/813/397 318/801/397 322/802/397
f 389/813/397 322/802/397 393/806/397
f 413/814/398 412/815/398 426/816/398
f 413/814/398 426/816/398 427/817/398
f 426/816/399 546/818/399 427/817/399
f 392/454/400 390/455/400 389/819/400
f 392/454/400 389/819/400 391/820/400
f 391/820/401 389/819/401 393/821/401
f 391/820/401 393/821/401 394/822/401
f 394/822/402 393/821/402 395/823/402
f 394/822/402 395/823/402 396/824/402
f 396/824/403 395/823/403 407/825/403
f 396/824/403 407/825/403 408/826/403
f 410/827/404 411/828/404 408/826/404
f 410/827/404 408/826/404 407/825/404
f 411/828/405 410/827/405 412/815/405
f 411/828/405 412/815/405 413/814/405
f 398/829/406 396/824/406 408/826/406
f 398/829/406 408/826/406 409/830/406
f 409/830/407 408/826/407 411/828/407
f 409/830/407 411/828/407 414/831/407
f 414/831/408 411/828/408 413/814/408
f 414/831/408 413/814/408 428/832/408
f 428/832/409 413/814/409 427/817/409
f 428/832/409 427/817/409 432/833/409
f 546/834/410 432/833/410 427/817/410
f 401/458/411 392/454/411 391/820/411
f 401/458/411 391/820/411 400/835/411
f 394/822/412 397/836/412 400/835/412
f 394/822/412 400/835/412 391/820/412
f 397/836/413 394/822/413 396/824/413
f 397/836/413 396/824/413 398/829/413
f 546/837/414 433/838/414 432/833/414
f 403/460/415 401/458/415 400/835/415
f 403/460/415 400/835/415 402/839/415
f 397/836/416 399/840/416 402/839/416
f 397/836/416 402/839/416 400/835/416
f 399/840/417 397/836/417 398/829/417
f 399/840/417 398/829/417 420/841/417
f 420/841/418 398/829/418 409/830/418
f 420/841/418 409/830/418 416/842/418
f 416/842/419 409/830/419 414/831/419
f 416/842/419 414/831/419 415/843/419
f 415/843/420 414/831/420 428/832/420
f 415/843/420 428/832/420 429/844/420
f 429/844/421 428/832/421 432/833/421
f 429/844/421 432/833/421 433/838/421
f 416/842/422 417/845/422 421/846/422
f 416/842/422 421/846/422 420/841/422
f 417/845/423 416/842/423 415/843/423
f 417/845/423 415/843/423 418/847/423
f 418/847/424 415/843/424 429/844/424
f 418/847/424 429/844/424 430/848/424
f 433/838/425 434/849/425 430/848/425
f 433/838/425 430/848/425 429/844/425
f 546/850/426 434/849/426 433/838/426
f 424/462/427 403/460/427 402/839/427
f 424/462/427 402/839/427 423/851/427
f 423/851/428 402/839/428 399/840/428
f 423/851/428 399/840/428 422/852/428
f 422/852/429 399/840/429 420/841/429
f 422/852/429 420/841/429 421/846/429
f 546/853/430 435/854/430 434/849/430
f 447/464/431 424/462/431 423/851/431
f 447/464/431 423/851/431 446/855/431
f 422/852/432 445/856/432 446/855/432
f 422/852/432 446/855/432 423/851/432
f 445/856/433 422/852/433 421/846/433
f 445/856/433 421/846/433 425/857/433
f 417/845/434 419/858/434 425/857/434
f 417/845/434 425/857/434 421/846/434
f 419/858/435 417/845/435 418/847/435
f 419/858/435 418/847/435 439/859/435
f 430/848/436 431/860/436 439/859/436
f 430/848/436 439/859/436 418/847/436
f 431/860/437 430/848/437 434/849/437
f 431/860/437 434/849/437 435/854/437
f 439/859/438 440/861/438 441/862/438
f 439/859/438 441/862/438 419/858/438
f 440/861/439 439/859/439 431/860/439
f 440/861/439 431/860/439 438/863/439
f 438/863/440 431/860/440 435/854/440
f 438/863/440 435/854/440 436/864/440
f 546/865/441 436/864/441 435/854/441
f 449/466/442 447/464/442 446/855/442
f 449/466/442 446/855/442 448/866/442
f 445/856/443 452/867/443 448/866/443
f 445/856/443 448/866/443 446/855/443
f 425/857/444 451/868/444 452/867/444
f 425/857/444 452/867/444 445/856/444
f 451/868/445 425/857/445 419/858/445
f 451/868/445 419/858/445 441/862/445
f 452/867/446 456/869/446 453/870/446
f 452/867/446 453/870/446 448/866/446
f 456/869/447 452/867/447 451/868/447
f 456/869/447 451/868/447 455/871/447
f 441/862/448 444/872/448 455/871/448
f 441/862/448 455/871/448 451/868/448
f 444/872/449 441/862/449 440/861/449
f 444/872/449 440/861/449 442/873/449
f 438/863/450 443/874/450 442/873/450
f 438/863/450 442/873/450 440/861/450
f 443/874/451 438/863/451 436/864/451
f 443/874/451 436/864/451 437/875/451
f 546/876/452 437/875/452 436/864/452
f 454/468/453 449/466/453 448/866/453
f 454/468/453 448/866/453 453/870/453
f 443/874/454 560/619/454 562/615/454
f 443/874/454 562/615/454 442/873/454
f 437/875/455 552/621/455 560/619/455
f 437/875/455 560/619/455 443/874/455
f 546/877/456 552/621/456 437/875/456
f 591/470/457 454/468/457 453/870/457
f 591/470/457 453/870/457 590/624/457
f 456/869/458 587/626/458 590/624/458
f 456/869/458 590/624/458 453/870/458
f 587/626/459 456/869/459 455/871/459
f 587/626/459 455/871/459 586/628/459
f 444/872/460 564/618/460 586/628/460
f 444/872/460 586/628/460 455/871/460
f 442/873/461 562/615/461 564/618/461
f 442/873/461 564/618/461 444/872/461
usemtl mat_0.17_0.04_0.04
f 918/878/462 859/879/462 858/880/462
f 918/878/462 858/880/462 917/881/462
f 924/882/463 860/883/463 859/879/463
f 924/882/463 859/879/463 918/878/463
f 941/884/464 865/885/464 860/883/464
f 941/884/464 860/883/464 924/882/464
f 940/886/465 864/887/465 865/885/465
f 940/886/465 865/885/465 941/884/465
f 942/888/466 866/889/466 864/887/466
f 942/888/466 864/887/466 940/886/466
f 939/890/467 863/891/467 866/889/467
f 939/890/467 866/889/467 942/888/467
f 938/892/468 862/893/468 863/891/468
f 938/892/468 863/891/468 939/890/468
f 937/894/469 861/895/469 862/893/469
f 937/894/469 862/893/469 938/892/469
f 857/896/470 786/897/470 861/895/470
f 857/896/470 861/895/470 937/894/470
f 856/898/471 785/899/471 786/897/471
f 856/898/471 786/897/471 857/896/471
f 841/900/472 784/901/472 785/899/472
f 841/900/472 785/899/472 856/898/472
f 840/902/473 783/903/473 784/901/473
f 840/902/473 784/901/473 841/900/473
f 839/904/474 782/905/474 783/903/474
f 839/904/474 783/903/474 840/902/474
f 796/906/475 781/907/475 782/905/475
f 796/906/475 782/905/475 839/904/475
f 788/908/476 780/909/476 781/907/476
f 788/908/476 781/907/476 796/906/476
f 787/910/477 779/911/477 780/909/477
f 787/910/477 780/909/477 788/908/477
f 651/912/478 628/913/478 779/911/478
f 651/912/478 779/911/478 787/910/478
f 645/914/479 627/915/479 628/913/479
f 645/914/479 628/913/479 651/912/479
f 630/916/480 623/917/480 627/915/480
f 630/916/480 627/915/480 645/914/480
f 631/918/481 624/919/481 623/917/481
f 631/918/481 623/917/481 630/916/481
f 629/920/482 622/921/482 624/919/482
f 629/920/482 624/919/482 631/918/482
f 632/922/483 625/923/483 622/921/483
f 632/922/483 622/921/483 629/920/483
f 633/924/484 626/925/484 625/923/484
f 633/924/484 625/923/484 632/922/484
f 707/926/485 699/927/485 626/925/485
f 707/926/485 626/925/485 633/924/485
f 708/928/486 700/929/486 699/927/486
f 708/928/486 699/927/486 707/926/486
f 709/930/487 701/931/487 700/929/487
f 709/930/487 700/929/487 708/928/487
f 725/932/488 702/933/488 701/931/488
f 725/932/488 701/931/488 709/930/488
f 726/934/489 703/935/489 702/933/489
f 726/934/489 702/933/489 725/932/489
f 727/936/490 704/937/490 703/935/490
f 727/936/490 703/935/490 726/934/490
f 771/938/491 705/939/491 704/937/491
f 771/938/491 704/937/491 727/936/491
f 918/940/492 917/941/492 778/942/492
f 778/942/492 771/943/492 727/944/492
f 727/944/492 726/945/492 725/946/492
f 725/946/492 709/947/492 708/948/492
f 708/948/492 707/949/492 633/950/492
f 633/950/492 632/951/492 629/952/492
f 629/952/492 631/953/492 630/954/492
f 630/954/492 645/955/492 651/956/492
f 651/956/492 787/957/492 788/958/492
f 788/958/492 796/959/492 839/960/492
f 839/960/492 840/961/492 841/962/492
f 856/963/492 936/964/492 931/965/492
f 856/963/492 931/965/492 855/966/492
f 839/960/492 841/962/492 856/963/492
f 651/956/492 788/958/492 839/960/492
f 629/952/492 630/954/492 651/956/492
f 708/948/492 633/950/492 629/952/492
f 727/944/492 725/946/492 708/948/492
f 918/940/492 778/942/492 727/944/492
f 934/967/492 924/968/492 918/940/492
f 906/969/492 934/967/492 918/940/492
f 918/940/492 727/944/492 708/948/492
f 708/948/492 629/952/492 651/956/492
f 651/956/492 839/960/492 856/963/492
f 856/963/492 855/966/492 853/970/492
f 856/963/492 853/970/492 846/971/492
f 923/972/492 906/969/492 918/940/492
f 920/973/492 923/972/492 918/940/492
f 856/963/492 846/971/492 844/974/492
f 856/963/492 844/974/492 828/975/492
f 916/976/492 920/973/492 918/940/492
f 912/977/492 916/976/492 918/940/492
f 856/963/492 828/975/492 801/978/492
f 856/963/492 801/978/492 798/979/492
f 775/980/492 912/977/492 918/940/492
f 770/981/492 775/980/492 918/940/492
f 651/956/492 856/963/492 798/979/492
f 651/956/492 798/979/492 793/982/492
f 768/983/492 770/981/492 918/940/492
f 768/983/492 918/940/492 708/948/492
f 651/956/492 793/982/492 656/984/492
f 651/956/492 656/984/492 653/985/492
f 740/986/492 768/983/492 708/948/492
f 724/987/492 740/986/492 708/948/492
f 651/956/492 653/985/492 650/988/492
f 651/956/492 650/988/492 648/989/492
f 721/990/492 724/987/492 708/948/492
f 713/991/492 721/990/492 708/948/492
f 651/956/492 648/989/492 662/992/492
f 651/956/492 662/992/492 638/993/492
f 710/994/492 713/991/492 708/948/492
f 640/995/492 710/994/492 708/948/492
f 708/948/492 651/956/492 638/993/492
f 635/996/492 640/995/492 708/948/492
f 708/948/492 638/993/492 635/996/492
f 941/997/492 924/968/492 934/967/492
f 936/964/492 856/963/492 857/998/492
f 941/997/492 934/967/492 936/964/492
f 942/999/492 940/1000/492 941/997/492
f 938/1001/492 939/1002/492 942/999/492
f 857/998/492 937/1003/492 938/1001/492
f 941/997/492 936/964/492 857/998/492
f 938/1001/492 942/999/492 941/997/492
f 857/998/492 938/1001/492 941/997/492
f 778/1004/493 706/1005/493 705/939/493
f 778/1004/493 705/939/493 771/938/493
f 917/1006/494 858/1007/494 706/1005/494
f 917/1006/494 706/1005/494 778/1004/494
f 863/1008/495 862/1009/495 861/1010/495
f 861/1010/495 786/1011/495 785/1012/495
f 785/1012/495 784/1013/495 783/1014/495
f 783/1014/495 782/1015/495 781/1016/495
f 781/1016/495 780/1017/495 779/1018/495
f 779/1018/495 628/1019/495 627/1020/495
f 627/1020/495 623/1021/495 624/1022/495
f 624/1022/495 622/1023/495 625/1024/495
f 625/1024/495 626/1025/495 699/1026/495
f 699/1026/495 700/1027/495 701/1028/495
f 701/1028/495 702/1029/495 703/1030/495
f 703/1030/495 704/1031/495 705/1032/495
f 705/1032/495 706/1033/495 858/1034/495
f 858/1034/495 859/1035/495 860/1036/495
f 860/1036/495 865/1037/495 864/1038/495
f 864/1038/495 866/1039/495 863/1008/495
f 863/1008/495 861/1010/495 785/1012/495
f 785/1012/495 783/1014/495 781/1016/495
f 781/1016/495 779/1018/495 627/1020/495
f 627/1020/495 624/1022/495 625/1024/495
f 625/1024/495 699/1026/495 701/1028/495
f 701/1028/495 703/1030/495 705/1032/495
f 705/1032/495 858/1034/495 860/1036/495
f 860/1036/495 864/1038/495 863/1008/495
f 863/1008/495 785/1012/495 781/1016/495
f 781/1016/495 627/1020/495 625/1024/495
f 625/1024/495 701/1028/495 705/1032/495
f 705/1032/495 860/1036/495 863/1008/495
f 863/1008/495 781/1016/495 625/1024/495
f 625/1024/495 705/1032/495 863/1008/495
f 883/1040/496 884/1041/496 886/1042/496
f 883/1040/496 886/1042/496 885/1043/496
f 881/1044/497 882/1045/497 884/1041/497
f 881/1044/497 884/1041/497 883/1040/497
f 873/1046/498 874/1047/498 882/1045/498
f 873/1046/498 882/1045/498 881/1044/498
f 867/1048/499 874/1047/499 873/1046/499
f 916/897/500 912/895/500 911/1049/500
f 916/897/500 911/1049/500 915/1050/500
f 909/1051/501 910/1052/501 915/1050/501
f 909/1051/501 915/1050/501 911/1049/501
f 910/1052/502 909/1051/502 907/1053/502
f 910/1052/502 907/1053/502 908/1054/502
f 885/1043/503 886/1042/503 908/1054/503
f 885/1043/503 908/1054/503 907/1053/503
f 886/1042/504 889/1055/504 913/1056/504
f 886/1042/504 913/1056/504 908/1054/504
f 889/1055/505 886/1042/505 884/1041/505
f 889/1055/505 884/1041/505 887/1057/505
f 882/1045/506 875/1058/506 887/1057/506
f 882/1045/506 887/1057/506 884/1041/506
f 874/1047/507 868/1059/507 875/1058/507
f 874/1047/507 875/1058/507 882/1045/507
f 867/1060/508 868/1059/508 874/1047/508
f 915/1050/509 919/1061/509 920/899/509
f 915/1050/509 920/899/509 916/897/509
f 919/1061/510 915/1050/510 910/1052/510
f 919/1061/510 910/1052/510 914/1062/510
f 908/1054/511 913/1056/511 914/1062/511
f 908/1054/511 914/1062/511 910/1052/511
f 867/1063/512 871/1064/512 868/1059/512
f 923/901/513 920/899/513 919/1061/513
f 923/901/513 919/1061/513 922/1065/513
f 922/1065/514 919/1061/514 914/1062/514
f 922/1065/514 914/1062/514 921/1066/514
f 913/1056/515 900/1067/515 921/1066/515
f 913/1056/515 921/1066/515 914/1062/515
f 900/1067/516 913/1056/516 889/1055/516
f 900/1067/516 889/1055/516 899/1068/516
f 887/1057/517 888/1069/517 899/1068/517
f 887/1057/517 899/1068/517 889/1055/517
f 875/1058/518 879/1070/518 888/1069/518
f 875/1058/518 888/1069/518 887/1057/518
f 868/1059/519 871/1064/519 879/1070/519
f 868/1059/519 879/1070/519 875/1058/519
f 888/1069/520 897/1071/520 898/1072/520
f 888/1069/520 898/1072/520 899/1068/520
f 879/1070/521 878/1073/521 897/1071/521
f 879/1070/521 897/1071/521 888/1069/521
f 871/1064/522 870/1074/522 878/1073/522
f 871/1064/522 878/1073/522 879/1070/522
f 867/1075/523 870/1074/523 871/1064/523
f 922/1065/524 905/1076/524 906/903/524
f 922/1065/524 906/903/524 923/901/524
f 921/1066/525 904/1077/525 905/1076/525
f 921/1066/525 905/1076/525 922/1065/525
f 904/1077/526 921/1066/526 900/1067/526
f 904/1077/526 900/1067/526 903/1078/526
f 899/1068/527 898/1072/527 903/1078/527
f 899/1068/527 903/1078/527 900/1067/527
f 934/905/528 906/903/528 905/1076/528
f 934/905/528 905/1076/528 933/1079/528
f 904/1077/529 932/1080/529 933/1079/529
f 904/1077/529 933/1079/529 905/1076/529
f 903/1078/530 902/1081/530 932/1080/530
f 903/1078/530 932/1080/530 904/1077/530
f 898/1072/531 901/1082/531 902/1081/531
f 898/1072/531 902/1081/531 903/1078/531
f 897/1071/532 892/1083/532 901/1082/532
f 897/1071/532 901/1082/532 898/1072/532
f 878/1073/533 880/1084/533 892/1083/533
f 878/1073/533 892/1083/533 897/1071/533
f 870/1074/534 872/1085/534 880/1084/534
f 870/1074/534 880/1084/534 878/1073/534
f 867/1086/535 872/1085/535 870/1074/535
f 892/1083/536 893/1087/536 896/1088/536
f 892/1083/536 896/1088/536 901/1082/536
f 880/1084/537 877/1089/537 893/1087/537
f 880/1084/537 893/1087/537 892/1083/537
f 872/1085/538 869/1090/538 877/1089/538
f 872/1085/538 877/1089/538 880/1084/538
f 867/1091/539 869/1090/539 872/1085/539
f 933/1079/540 935/1092/540 936/907/540
f 933/1079/540 936/907/540 934/905/540
f 932/1080/541 929/1093/541 935/1092/541
f 932/1080/541 935/1092/541 933/1079/541
f 902/1081/542 928/1094/542 929/1093/542
f 902/1081/542 929/1093/542 932/1080/542
f 901/1082/543 896/1088/543 928/1094/543
f 901/1082/543 928/1094/543 902/1081/543
f 929/1093/544 927/1095/544 930/1096/544
f 929/1093/544 930/1096/544 935/1092/544
f 928/1094/545 925/1097/545 927/1095/545
f 928/1094/545 927/1095/545 929/1093/545
f 896/1088/546 895/1098/546 925/1097/546
f 896/1088/546 925/1097/546 928/1094/546
f 893/1087/547 891/1099/547 895/1098/547
f 893/1087/547 895/1098/547 896/1088/547
f 877/1089/548 890/1100/548 891/1099/548
f 877/1089/548 891/1099/548 893/1087/548
f 869/1090/549 876/1101/549 890/1100/549
f 869/1090/549 890/1100/549 877/1089/549
f 867/1102/550 876/1101/550 869/1090/550
f 931/909/551 936/907/551 935/1092/551
f 931/909/551 935/1092/551 930/1096/551
f 890/1100/552 834/1103/552 836/1104/552
f 890/1100/552 836/1104/552 891/1099/552
f 876/1101/553 819/1105/553 834/1103/553
f 876/1101/553 834/1103/553 890/1100/553
f 867/1106/554 819/1105/554 876/1101/554
f 930/1096/555 854/1107/555 855/911/555
f 930/1096/555 855/911/555 931/909/555
f 927/1095/556 926/1108/556 854/1107/556
f 927/1095/556 854/1107/556 930/1096/556
f 925/1097/557 850/1109/557 926/1108/557
f 925/1097/557 926/1108/557 927/1095/557
f 895/1098/558 894/1110/558 850/1109/558
f 895/1098/558 850/1109/558 925/1097/558
f 891/1099/559 836/1104/559 894/1110/559
f 891/1099/559 894/1110/559 895/1098/559
f 926/1108/560 851/1111/560 852/1112/560
f 926/1108/560 852/1112/560 854/1107/560
f 850/1109/561 849/1113/561 851/1111/561
f 850/1109/561 851/1111/561 926/1108/561
f 894/1110/562 838/1114/562 849/1113/562
f 894/1110/562 849/1113/562 850/1109/562
f 836/1104/563 835/1115/563 838/1114/563
f 836/1104/563 838/1114/563 894/1110/563
f 834/1103/564 833/1116/564 835/1115/564
f 834/1103/564 835/1115/564 836/1104/564
f 819/1105/565 818/1117/565 833/1116/565
f 819/1105/565 833/1116/565 834/1103/565
f 867/1118/566 818/1117/566 819/1105/566
f 854/1107/567 852/1112/567 853/913/567
f 854/1107/567 853/913/567 855/911/567
f 833/1116/568 820/1119/568 832/1120/568
f 833/1116/568 832/1120/568 835/1115/568
f 818/1117/569 814/1121/569 820/1119/569
f 818/1117/569 820/1119/569 833/1116/569
f 867/1122/570 814/1121/570 818/1117/570
f 852/1112/571 845/1123/571 846/915/571
f 852/1112/571 846/915/571 853/913/571
f 851/1111/572 848/1124/572 845/1123/572
f 851/1111/572 845/1123/572 852/1112/572
f 849/1113/573 847/1125/573 848/1124/573
f 849/1113/573 848/1124/573 851/1111/573
f 838/1114/574 837/1126/574 847/1125/574
f 838/1114/574 847/1125/574 849/1113/574
f 835/1115/575 832/1120/575 837/1126/575
f 835/1115/575 837/1126/575 838/1114/575
f 847/1125/576 830/1127/576 842/1128/576
f 847/1125/576 842/1128/576 848/1124/576
f 837/1126/577 829/1129/577 830/1127/577
f 837/1126/577 830/1127/577 847/1125/577
f 832/1120/578 831/1130/578 829/1129/578
f 832/1120/578 829/1129/578 837/1126/578
f 820/1119/579 817/1131/579 831/1130/579
f 820/1119/579 831/1130/579 832/1120/579
f 814/1121/580 813/1132/580 817/1131/580
f 814/1121/580 817/1131/580 820/1119/580
f 867/1133/581 813/1132/581 814/1121/581
f 845/1123/582 843/1134/582 844/917/582
f 845/1123/582 844/917/582 846/915/582
f 848/1124/583 842/1128/583 843/1134/583
f 848/1124/583 843/1134/583 845/1123/583
f 816/1135/584 817/1131/584 813/1132/584
f 816/1135/584 813/1132/584 812/1136/584
f 867/1137/585 812/1136/585 813/1132/585
f 843/1134/586 827/1138/586 828/919/586
f 843/1134/586 828/919/586 844/917/586
f 842/1128/587 826/1139/587 827/1138/587
f 842/1128/587 827/1138/587 843/1134/587
f 830/1127/588 825/1140/588 826/1139/588
f 830/1127/588 826/1139/588 842/1128/588
f 829/1129/589 824/1141/589 825/1140/589
f 829/1129/589 825/1140/589 830/1127/589
f 831/1130/590 823/1142/590 824/1141/590
f 831/1130/590 824/1141/590 829/1129/590
f 817/1131/591 816/1135/591 823/1142/591
f 817/1131/591 823/1142/591 831/1130/591
f 824/1141/592 822/1143/592 821/1144/592
f 824/1141/592 821/1144/592 825/1140/592
f 823/1142/593 807/1145/593 822/1143/593
f 823/1142/593 822/1143/593 824/1141/593
f 807/1145/594 823/1142/594 816/1135/594
f 807/1145/594 816/1135/594 815/1146/594
f 812/1136/595 811/1147/595 815/1146/595
f 812/1136/595 815/1146/595 816/1135/595
f 867/1148/596 811/1147/596 812/1136/596
f 827/1138/597 800/1149/597 801/921/597
f 827/1138/597 801/921/597 828/919/597
f 826/1139/598 799/1150/598 800/1149/598
f 826/1139/598 800/1149/598 827/1138/598
f 825/1140/599 821/1144/599 799/1150/599
f 825/1140/599 799/1150/599 826/1139/599
f 867/1151/600 810/1152/600 811/1147/600
f 800/1149/601 797/1153/601 798/923/601
f 800/1149/601 798/923/601 801/921/601
f 799/1150/602 795/1154/602 797/1153/602
f 799/1150/602 797/1153/602 800/1149/602
f 821/1144/603 794/1155/603 795/1154/603
f 821/1144/603 795/1154/603 799/1150/603
f 822/1143/604 805/1156/604 794/1155/604
f 822/1143/604 794/1155/604 821/1144/604
f 805/1156/605 822/1143/605 807/1145/605
f 805/1156/605 807/1145/605 806/1157/605
f 815/1146/606 809/1158/606 806/1157/606
f 815/1146/606 806/1157/606 807/1145/606
f 811/1147/607 810/1152/607 809/1158/607
f 811/1147/607 809/1158/607 815/1146/607
f 805/1156/608 802/1159/608 789/1160/608
f 805/1156/608 789/1160/608 794/1155/608
f 806/1157/609 804/1161/609 802/1159/609
f 806/1157/609 802/1159/609 805/1156/609
f 804/1161/610 806/1157/610 809/1158/610
f 804/1161/610 809/1158/610 803/1162/610
f 810/1152/611 808/1163/611 803/1162/611
f 810/1152/611 803/1162/611 809/1158/611
f 867/1164/612 808/1163/612 810/1152/612
f 797/1153/613 792/1165/613 793/925/613
f 797/1153/613 793/925/613 798/923/613
f 795/1154/614 791/1166/614 792/1165/614
f 795/1154/614 792/1165/614 797/1153/614
f 794/1155/615 789/1160/615 791/1166/615
f 794/1155/615 791/1166/615 795/1154/615
f 693/1167/616 808/1163/616 867/1168/616
f 792/1165/617 657/1169/617 656/927/617
f 792/1165/617 656/927/617 793/925/617
f 657/1169/618 792/1165/618 791/1166/618
f 657/1169/618 791/1166/618 790/1170/618
f 789/1160/619 659/1171/619 790/1170/619
f 789/1160/619 790/1170/619 791/1166/619
f 659/1171/620 789/1160/620 802/1159/620
f 659/1171/620 802/1159/620 681/1172/620
f 804/1161/621 683/1173/621 681/1172/621
f 804/1161/621 681/1172/621 802/1159/621
f 683/1173/622 804/1161/622 803/1162/622
f 683/1173/622 803/1162/622 685/1174/622
f 685/1174/623 803/1162/623 808/1163/623
f 685/1174/623 808/1163/623 693/1167/623
f 683/1173/624 682/1175/624 680/1176/624
f 683/1173/624 680/1176/624 681/1172/624
f 682/1175/625 683/1173/625 685/1174/625
f 682/1175/625 685/1174/625 684/1177/625
f 684/1177/626 685/1174/626 693/1167/626
f 684/1177/626 693/1167/626 692/1178/626
f 692/1178/627 693/1167/627 867/1179/627
f 657/1169/628 652/1180/628 653/929/628
f 657/1169/628 653/929/628 656/927/628
f 652/1180/629 657/1169/629 790/1170/629
f 652/1180/629 790/1170/629 660/1181/629
f 659/1171/630 658/1182/630 660/1181/630
f 659/1171/630 660/1181/630 790/1170/630
f 658/1182/631 659/1171/631 681/1172/631
f 658/1182/631 681/1172/631 680/1176/631
f 650/931/632 653/929/632 652/1180/632
f 650/931/632 652/1180/632 649/1183/632
f 660/1181/633 655/1184/633 649/1183/633
f 660/1181/633 649/1183/633 652/1180/633
f 655/1184/634 660/1181/634 658/1182/634
f 655/1184/634 658/1182/634 654/1185/634
f 654/1185/635 658/1182/635 680/1176/635
f 654/1185/635 680/1176/635 677/1186/635
f 682/1175/636 679/1187/636 677/1186/636
f 682/1175/636 677/1186/636 680/1176/636
f 679/1187/637 682/1175/637 684/1177/637
f 679/1187/637 684/1177/637 691/1188/637
f 691/1188/638 684/1177/638 692/1178/638
f 691/1188/638 692/1178/638 698/1189/638
f 698/1189/639 692/1178/639 867/1190/639
f 668/1191/640 677/1186/640 679/1187/640
f 668/1191/640 679/1187/640 678/1192/640
f 678/1192/641 679/1187/641 691/1188/641
f 678/1192/641 691/1188/641 687/1193/641
f 687/1193/642 691/1188/642 698/1189/642
f 687/1193/642 698/1189/642 695/1194/642
f 695/1194/643 698/1189/643 867/1195/643
f 649/1183/644 647/1196/644 648/933/644
f 649/1183/644 648/933/644 650/931/644
f 655/1184/645 646/1197/645 647/1196/645
f 655/1184/645 647/1196/645 649/1183/645
f 646/1197/646 655/1184/646 654/1185/646
f 646/1197/646 654/1185/646 667/1198/646
f 677/1186/647 668/1191/647 667/1198/647
f 677/1186/647 667/1198/647 654/1185/647
f 663/1199/648 647/1196/648 646/1197/648
f 663/1199/648 646/1197/648 664/1200/648
f 667/1198/649 661/1201/649 664/1200/649
f 667/1198/649 664/1200/649 646/1197/649
f 661/1201/650 667/1198/650 668/1191/650
f 661/1201/650 668/1191/650 669/1202/650
f 669/1202/651 668/1191/651 678/1192/651
f 669/1202/651 678/1192/651 670/1203/651
f 670/1203/652 678/1192/652 687/1193/652
f 670/1203/652 687/1193/652 688/1204/652
f 688/1204/653 687/1193/653 695/1194/653
f 688/1204/653 695/1194/653 696/1205/653
f 696/1205/654 695/1194/654 867/1206/654
f 662/935/655 648/933/655 647/1196/655
f 662/935/655 647/1196/655 663/1199/655
f 674/1207/656 670/1203/656 688/1204/656
f 674/1207/656 688/1204/656 686/1208/656
f 686/1208/657 688/1204/657 696/1205/657
f 686/1208/657 696/1205/657 694/1209/657
f 696/1205/658 867/1210/658 694/1209/658
f 663/1199/659 637/1211/659 638/937/659
f 663/1199/659 638/937/659 662/935/659
f 637/1211/660 663/1199/660 664/1200/660
f 637/1211/660 664/1200/660 636/1212/660
f 636/1212/661 664/1200/661 661/1201/661
f 636/1212/661 661/1201/661 665/1213/661
f 665/1213/662 661/1201/662 669/1202/662
f 665/1213/662 669/1202/662 666/1214/662
f 666/1214/663 669/1202/663 670/1203/663
f 666/1214/663 670/1203/663 674/1207/663
f 642/1215/664 636/1212/664 665/1213/664
f 642/1215/664 665/1213/664 641/1216/664
f 641/1216/665 665/1213/665 666/1214/665
f 641/1216/665 666/1214/665 671/1217/665
f 671/1217/666 666/1214/666 674/1207/666
f 671/1217/666 674/1207/666 673/1218/666
f 673/1218/667 674/1207/667 686/1208/667
f 673/1218/667 686/1208/667 689/1219/667
f 689/1219/668 686/1208/668 694/1209/668
f 689/1219/668 694/1209/668 697/1220/668
f 694/1209/669 867/1221/669 697/1220/669
f 635/939/670 638/937/670 637/1211/670
f 635/939/670 637/1211/670 634/1222/670
f 634/1222/671 637/1211/671 636/1212/671
f 634/1222/671 636/1212/671 642/1215/671
f 676/1223/672 689/1219/672 697/1220/672
f 676/1223/672 697/1220/672 690/1224/672
f 690/1224/673 697/1220/673 867/1225/673
f 634/1222/674 639/1226/674 640/1005/674
f 634/1222/674 640/1005/674 635/939/674
f 639/1226/675 634/1222/675 642/1215/675
f 639/1226/675 642/1215/675 644/1227/675
f 644/1227/676 642/1215/676 641/1216/676
f 644/1227/676 641/1216/676 643/1228/676
f 643/1228/677 641/1216/677 671/1217/677
f 643/1228/677 671/1217/677 672/1229/677
f 672/1229/678 671/1217/678 673/1218/678
f 672/1229/678 673/1218/678 675/1230/678
f 675/1230/679 673/1218/679 689/1219/679
f 675/1230/679 689/1219/679 676/1223/679
f 716/1231/680 644/1227/680 643/1228/680
f 716/1231/680 643/1228/680 714/1232/680
f 714/1232/681 643/1228/681 672/1229/681
f 714/1232/681 672/1229/681 728/1233/681
f 675/1230/682 731/1234/682 728/1233/682
f 675/1230/682 728/1233/682 672/1229/682
f 731/1234/683 675/1230/683 676/1223/683
f 731/1234/683 676/1223/683 733/1235/683
f 733/1235/684 676/1223/684 690/1224/684
f 733/1235/684 690/1224/684 748/1236/684
f 690/1224/685 867/1237/685 748/1236/685
f 710/1007/686 640/1005/686 639/1226/686
f 710/1007/686 639/1226/686 711/1238/686
f 711/1238/687 639/1226/687 644/1227/687
f 711/1238/687 644/1227/687 716/1231/687
f 734/1239/688 733/1240/688 748/1241/688
f 734/1239/688 748/1241/688 749/1242/688
f 748/1241/689 867/1243/689 749/1242/689
f 713/879/690 710/880/690 711/1244/690
f 713/879/690 711/1244/690 712/1245/690
f 712/1245/691 711/1244/691 716/1246/691
f 712/1245/691 716/1246/691 717/1247/691
f 717/1247/692 716/1246/692 714/1248/692
f 717/1247/692 714/1248/692 715/1249/692
f 715/1249/693 714/1248/693 728/1250/693
f 715/1249/693 728/1250/693 729/1251/693
f 731/1252/694 732/1253/694 729/1251/694
f 731/1252/694 729/1251/694 728/1250/694
f 732/1253/695 731/1252/695 733/1240/695
f 732/1253/695 733/1240/695 734/1239/695
f 718/1254/696 715/1249/696 729/1251/696
f 718/1254/696 729/1251/696 730/1255/696
f 730/1255/697 729/1251/697 732/1253/697
f 730/1255/697 732/1253/697 735/1256/697
f 735/1256/698 732/1253/698 734/1239/698
f 735/1256/698 734/1239/698 747/1257/698
f 747/1257/699 734/1239/699 749/1242/699
f 747/1257/699 749/1242/699 753/1258/699
f 867/1259/700 753/1258/700 749/1242/700
f 721/883/701 713/879/701 712/1245/701
f 721/883/701 712/1245/701 720/1260/701
f 720/1260/702 712/1245/702 717/1247/702
f 720/1260/702 717/1247/702 719/1261/702
f 719/1261/703 717/1247/703 715/1249/703
f 719/1261/703 715/1249/703 718/1254/703
f 867/1262/704 754/1263/704 753/1258/704
f 724/885/705 721/883/705 720/1260/705
f 724/885/705 720/1260/705 723/1264/705
f 723/1264/706 720/1260/706 719/1261/706
f 723/1264/706 719/1261/706 722/1265/706
f 722/1265/707 719/1261/707 718/1254/707
f 722/1265/707 718/1254/707 737/1266/707
f 737/1266/708 718/1254/708 730/1255/708
f 737/1266/708 730/1255/708 738/1267/708
f 738/1267/709 730/1255/709 735/1256/709
f 738/1267/709 735/1256/709 736/1268/709
f 736/1268/710 735/1256/710 747/1257/710
f 736/1268/710 747/1257/710 750/1269/710
f 750/1269/711 747/1257/711 753/1258/711
f 750/1269/711 753/1258/711 754/1263/711
f 739/1270/712 737/1266/712 738/1267/712
f 739/1270/712 738/1267/712 743/1271/712
f 743/1271/713 738/1267/713 736/1268/713
f 743/1271/713 736/1268/713 744/1272/713
f 744/1272/714 736/1268/714 750/1269/714
f 744/1272/714 750/1269/714 751/1273/714
f 754/1263/715 755/1274/715 751/1273/715
f 754/1263/715 751/1273/715 750/1269/715
f 867/1275/716 755/1274/716 754/1263/716
f 740/887/717 724/885/717 723/1264/717
f 740/887/717 723/1264/717 741/1276/717
f 741/1276/718 723/1264/718 722/1265/718
f 741/1276/718 722/1265/718 742/1277/718
f 742/1277/719 722/1265/719 737/1266/719
f 742/1277/719 737/1266/719 739/1270/719
f 867/1278/720 756/1279/720 755/1274/720
f 768/889/721 740/887/721 741/1276/721
f 768/889/721 741/1276/721 767/1280/721
f 767/1280/722 741/1276/722 742/1277/722
f 767/1280/722 742/1277/722 766/1281/722
f 766/1281/723 742/1277/723 739/1270/723
f 766/1281/723 739/1270/723 746/1282/723
f 746/1282/724 739/1270/724 743/1271/724
f 746/1282/724 743/1271/724 745/1283/724
f 745/1283/725 743/1271/725 744/1272/725
f 745/1283/725 744/1272/725 760/1284/725
f 751/1273/726 752/1285/726 760/1284/726
f 751/1273/726 760/1284/726 744/1272/726
f 752/1285/727 751/1273/727 755/1274/727
f 752/1285/727 755/1274/727 756/1279/727
f 760/1284/728 761/1286/728 762/1287/728
f 760/1284/728 762/1287/728 745/1283/728
f 761/1286/729 760/1284/729 752/1285/729
f 761/1286/729 752/1285/729 758/1288/729
f 758/1288/730 752/1285/730 756/1279/730
f 758/1288/730 756/1279/730 757/1289/730
f 867/1290/731 757/1289/731 756/1279/731
f 770/891/732 768/889/732 767/1280/732
f 770/891/732 767/1280/732 769/1291/732
f 769/1291/733 767/1280/733 766/1281/733
f 769/1291/733 766/1281/733 773/1292/733
f 773/1292/734 766/1281/734 746/1282/734
f 773/1292/734 746/1282/734 772/1293/734
f 772/1293/735 746/1282/735 745/1283/735
f 772/1293/735 745/1283/735 762/1287/735
f 774/1294/736 769/1291/736 773/1292/736
f 774/1294/736 773/1292/736 777/1295/736
f 777/1295/737 773/1292/737 772/1293/737
f 777/1295/737 772/1293/737 776/1296/737
f 776/1296/738 772/1293/738 762/1287/738
f 776/1296/738 762/1287/738 765/1297/738
f 765/1297/739 762/1287/739 761/1286/739
f 765/1297/739 761/1286/739 763/1298/739
f 758/1288/740 764/1299/740 763/1298/740
f 758/1288/740 763/1298/740 761/1286/740
f 764/1299/741 758/1288/741 757/1289/741
f 764/1299/741 757/1289/741 759/1300/741
f 867/1301/742 759/1300/742 757/1289/742
f 775/893/743 770/891/743 769/1291/743
f 775/893/743 769/1291/743 774/1294/743
f 764/1299/744 881/1044/744 883/1040/744
f 764/1299/744 883/1040/744 763/1298/744
f 759/1300/745 873/1046/745 881/1044/745
f 759/1300/745 881/1044/745 764/1299/745
f 867/1302/746 873/1046/746 759/1300/746
f 912/895/747 775/893/747 774/1294/747
f 912/895/747 774/1294/747 911/1049/747
f 777/1295/748 909/1051/748 911/1049/748
f 777/1295/748 911/1049/748 774/1294/748
f 909/1051/749 777/1295/749 776/1296/749
f 909/1051/749 776/1296/749 907/1053/749
f 765/1297/750 885/1043/750 907/1053/750
f 765/1297/750 907/1053/750 776/1296/750
f 763/1298/751 883/1040/751 885/1043/751
f 763/1298/751 885/1043/751 765/1297/751
usemtl mat_0.14_0.02_0.02
f 943/1303/752 944/1304/752 946/1305/752
f 943/1303/752 946/1305/752 945/1306/752
usemtl mat_0.80_0.00_0.00
f 947/1307/753 948/1308/753 950/1309/753
f 947/1307/753 950/1309/753 949/1310/753
f 949/1310/754 950/1309/754 954/1311/754
f 949/1310/754 954/1311/754 953/1312/754
f 953/1312/755 954/1311/755 952/1313/755
f 953/1312/755 952/1313/755 951/1314/755
f 951/1314/756 952/1313/756 948/1315/756
f 951/1314/756 948/1315/756 947/1316/756
f 949/1317/757 953/1312/757 951/1314/757
f 949/1317/757 951/1314/757 947/1318/757
f 954/1311/758 950/1319/758 948/1320/758
f 954/1311/758 948/1320/758 952/1313/758
usemtl mat_0.00_0.00_0.80
f 955/1321/759 956/1322/759 958/1323/759
f 955/1321/759 958/1323/759 957/1324/759
f 957/1324/760 958/1323/760 962/1325/760
f 957/1324/760 962/1325/760 961/1326/760
f 961/1326/761 962/1325/761 960/1327/761
f 961/1326/761 960/1327/761 959/1328/761
f 959/1328/762 960/1327/762 956/1329/762
f 959/1328/762 956/1329/762 955/1330/762
f 957/1331/763 961/1326/763 959/1328/763
f 957/1331/763 959/1328/763 955/1332/763
f 962/1325/764 958/1333/764 956/1334/764
f 962/1325/764 956/1334/764 960/1327/764
usemtl mat_0.00_0.00_0.80
f 963/1335/765 964/1336/765 966/1337/765
f 963/1335/765 966/1337/765 965/1338/765
f 965/1338/766 966/1337/766 970/1339/766
f 965/1338/766 970/1339/766 969/1340/766
f 969/1340/767 970/1339/767 968/1341/767
f 969/1340/767 968/1341/767 967/1342/767
f 967/1342/768 968/1341/768 964/1343/768
f 967/1342/768 964/1343/768 963/1344/768
f 965/1345/769 969/1340/769 967/1342/769
f 965/1345/769 967/1342/769 963/1346/769
f 970/1339/770 966/1347/770 964/1348/770
f 970/1339/770 964/1348/770 968/1341/770
usemtl mat_0.80_0.00_0.00
f 971/1349/771 972/1350/771 974/1351/771
f 971/1349/771 974/1351/771 973/1352/771
f 973/1352/772 974/1351/772 978/1353/772
f 973/1352/772 978/1353/772 977/1354/772
f 977/1354/773 978/1353/773 976/1355/773
f 977/1354/773 976/1355/773 975/1356/773
f 975/1356/774 976/1355/774 972/1357/774
f 975/1356/774 972/1357/774 971/1358/774
f 973/1359/775 977/1354/775 975/1356/775
f 973/1359/775 975/1356/775 971/1360/775
f 978/1353/776 974/1361/776 972/1362/776
f 978/1353/776 972/1362/776 976/1355/776
usemtl mat_0.00_0.00_0.80
f 979/1363/777 980/1364/777 982/1365/777
f 979/1363/777 982/1365/777 981/1366/777
f 981/1366/778 982/1365/778 986/1367/778
f 981/1366/778 986/1367/778 985/1368/778
f 985/1368/779 986/1367/779 984/1369/779
f 985/1368/779 984/1369/779 983/1370/779
f 983/1370/780 984/1369/780 980/1371/780
f 983/1370/780 980/1371/780 979/1372/780
f 981/1373/781 985/1368/781 983/1370/781
f 981/1373/781 983/1370/781 979/1374/781
f 986/1367/782 982/1375/782 980/1376/782
f 986/1367/782 980/1376/782 984/1369/782
usemtl mat_0.80_0.00_0.00
f 987/1377/783 988/1378/783 990/1379/783
f 987/1377/783 990/1379/783 989/1380/783
f 989/1380/784 990/1379/784 994/1381/784
f 989/1380/784 994/1381/784 993/1382/784
f 993/1382/785 994/1381/785 992/1383/785
f 993/1382/785 992/1383/785 991/1384/785
f 991/1384/786 992/1383/786 988/1385/786
f 991/1384/786 988/1385/786 987/1386/786
f 989/1387/787 993/1382/787 991/1384/787
f 989/1387/787 991/1384/787 987/1388/787
f 994/1381/788 990/1389/788 988/1390/788
f 994/1381/788 988/1390/788 992/1383/788
usemtl mat_0.00_0.00_0.80
f 995/1391/789 996/1392/789 998/1393/789
f 995/1391/789 998/1393/789 997/1394/789
f 997/1394/790 998/1393/790 1002/1395/790
f 997/1394/790 1002/1395/790 1001/1396/790
f 1001/1396/791 1002/1395/791 1000/1397/791
f 1001/1396/791 1000/1397/791 999/1398/791
f 999/1398/792 1000/1397/792 996/1399/792
f 999/1398/792 996/1399/792 995/1400/792
f 997/1401/793 1001/1396/793 999/1398/793
f 997/1401/793 999/1398/793 995/1402/793
f 1002/1395/794 998/1403/794 996/1404/794
f 1002/1395/794 996/1404/794 1000/1397/794
usemtl mat_0.80_0.00_0.00
f 1003/1405/795 1004/1406/795 1006/1407/795
f 1003/1405/795 1006/1407/795 1005/1408/795
f 1005/1408/796 1006/1407/796 1010/1409/796
f 1005/1408/796 1010/1409/796 1009/1410/796
f 1009/1410/797 1010/1409/797 1008/1411/797
f 1009/1410/797 1008/1411/797 1007/1412/797
f 1007/1412/798 1008/1411/798 1004/1413/798
f 1007/1412/798 1004/1413/798 1003/1414/798
f 1005/1415/799 1009/1410/799 1007/1412/799
f 1005/1415/799 1007/1412/799 1003/1416/799
f 1010/1409/800 1006/1417/800 1004/1418/800
f 1010/1409/800 1004/1418/800 1008/1411/800
usemtl mat_0.00_0.00_0.80
f 1011/1419/801 1012/1420/801 1014/1421/801
f 1011/1419/801 1014/1421/801 1013/1422/801
f 1013/1422/802 1014/1421/802 1018/1423/802
f 1013/1422/802 1018/1423/802 1017/1424/802
f 1017/1424/803 1018/1423/803 1016/1425/803
f 1017/1424/803 1016/1425/803 1015/1426/803
f 1015/1426/804 1016/1425/804 1012/1427/804
f 1015/1426/804 1012/1427/804 1011/1428/804
f 1013/1429/805 1017/1424/805 1015/1426/805
f 1013/1429/805 1015/1426/805 1011/1430/805
f 1018/1423/806 1014/1431/806 1012/1432/806
f 1018/1423/806 1012/1432/806 1016/1425/806
usemtl mat_0.80_0.00_0.00
f 1019/1433/807 1020/1434/807 1022/1435/807
f 1019/1433/807 1022/1435/807 1021/1436/807
f 1021/1436/808 1022/1435/808 1026/1437/808
f 1021/1436/808 1026/1437/808 1025/1438/808
f 1025/1438/809 1026/1437/809 1024/1439/809
f 1025/1438/809 1024/1439/809 1023/1440/809
f 1023/1440/810 1024/1439/810 1020/1441/810
f 1023/1440/810 1020/1441/810 1019/1442/810
f 1021/1443/811 1025/1438/811 1023/1440/811
f 1021/1443/811 1023/1440/811 1019/1444/811
f 1026/1437/812 1022/1445/812 1020/1446/812
f 1026/1437/812 1020/1446/812 1024/1439/812
usemtl mat_0.00_0.00_0.80
f 1027/1447/813 1028/1448/813 1030/1449/813
f 1027/1447/813 1030/1449/813 1029/1450/813
f 1029/1450/814 1030/1449/814 1034/1451/814
f 1029/1450/814 1034/1451/814 1033/1452/814
f 1033/1452/815 1034/1451/815 1032/1453/815
f 1033/1452/815 1032/1453/815 1031/1454/815
f 1031/1454/816 1032/1453/816 1028/1455/816
f 1031/1454/816 1028/1455/816 1027/1456/816
f 1029/1457/817 1033/1452/817 1031/1454/817
f 1029/1457/817 1031/1454/817 1027/1458/817
f 1034/1451/818 1030/1459/818 1028/1460/818
f 1034/1451/818 1028/1460/818 1032/1453/818
usemtl mat_0.80_0.00_0.00
f 1035/1461/819 1036/1462/819 1038/1463/819
f 1035/1461/819 1038/1463/819 1037/1464/819
f 1037/1464/820 1038/1463/820 1042/1465/820
f 1037/1464/820 1042/1465/820 1041/1466/820
f 1041/1466/821 1042/1465/821 1040/1467/821
f 1041/1466/821 1040/1467/821 1039/1468/821
f 1039/1468/822 1040/1467/822 1036/1469/822
f 1039/1468/822 1036/1469/822 1035/1470/822
f 1037/1471/823 1041/1466/823 1039/1468/823
f 1037/1471/823 1039/1468/823 1035/1472/823
f 1042/1465/824 1038/1473/824 1036/1474/824
f 1042/1465/824 1036/1474/824 1040/1467/824
usemtl mat_0.00_0.00_0.80
f 1043/1475/825 1044/1476/825 1046/1477/825
f 1043/1475/825 1046/1477/825 1045/1478/825
f 1045/1478/826 1046/1477/826 1050/1479/826
f 1045/1478/826 1050/1479/826 1049/1480/826
f 1049/1480/827 1050/1479/827 1048/1481/827
f 1049/1480/827 1048/1481/827 1047/1482/827
f 1047/1482/828 1048/1481/828 1044/1483/828
f 1047/1482/828 1044/1483/828 1043/1484/828
f 1045/1485/829 1049/1480/829 1047/1482/829
f 1045/1485/829 1047/1482/829 1043/1486/829
f 1050/1479/830 1046/1487/830 1044/1488/830
f 1050/1479/830 1044/1488/830 1048/1481/830
usemtl mat_0.80_0.00_0.00
f 1051/1489/831 1052/1490/831 1054/1491/831
f 1051/1489/831 1054/1491/831 1053/1492/831
f 1053/1492/832 1054/1491/832 1058/1493/832
f 1053/1492/832 1058/1493/832 1057/1494/832
f 1057/1494/833 1058/1493/833 1056/1495/833
f 1057/1494/833 1056/1495/833 1055/1496/833
f 1055/1496/834 1056/1495/834 1052/1497/834
f 1055/1496/834 1052/1497/834 1051/1498/834
f 1053/1499/835 1057/1494/835 1055/1496/835
f 1053/1499/835 1055/1496/835 1051/1500/835
f 1058/1493/836 1054/1501/836 1052/1502/836
f 1058/1493/836 1052/1502/836 1056/1495/836
usemtl mat_0.00_0.00_0.80
f 1059/1503/837 1060/1504/837 1062/1505/837
f 1059/1503/837 1062/1505/837 1061/1506/837
f 1061/1506/838 1062/1505/838 1066/1507/838
f 1061/1506/838 1066/1507/838 1065/1508/838
f 1065/1508/839 1066/1507/839 1064/1509/839
f 1065/1508/839 1064/1509/839 1063/1510/839
f 1063/1510/840 1064/1509/840 1060/1511/840
f 1063/1510/840 1060/1511/840 1059/1512/840
f 1061/1513/841 1065/1508/841 1063/1510/841
f 1061/1513/841 1063/1510/841 1059/1514/841
f 1066/1507/842 1062/1515/842 1060/1516/842
f 1066/1507/842 1060/1516/842 1064/1509/842
usemtl mat_0.80_0.00_0.00
f 1067/1517/843 1068/1518/843 1070/1519/843
f 1067/1517/843 1070/1519/843 1069/1520/843
f 1069/1520/844 1070/1519/844 1074/1521/844
f 1069/1520/844 1074/1521/844 1073/1522/844
f 1073/1522/845 1074/1521/845 1072/1523/845
f 1073/1522/845 1072/1523/845 1071/1524/845
f 1071/1524/846 1072/1523/846 1068/1525/846
f 1071/1524/846 1068/1525/846 1067/1526/846
f 1069/1527/847 1073/1522/847 1071/1524/847
f 1069/1527/847 1071/1524/847 1067/1528/847
f 1074/1521/848 1070/1529/848 1068/1530/848
f 1074/1521/848 1068/1530/848 1072/1523/848
usemtl mat_0.00_0.00_0.80
f 1075/1531/849 1076/1532/849 1078/1533/849
f 1075/1531/849 1078/1533/849 1077/1534/849
f 1077/1534/850 1078/1533/850 1082/1535/850
f 1077/1534/850 1082/1535/850 1081/1536/850
f 1081/1536/851 1082/1535/851 1080/1537/851
f 1081/1536/851 1080/1537/851 1079/1538/851
f 1079/1538/852 1080/1537/852 1076/1539/852
f 1079/1538/852 1076/1539/852 1075/1540/852
f 1077/1541/853 1081/1536/853 1079/1538/853
f 1077/1541/853 1079/1538/853 1075/1542/853
f 1082/1535/854 1078/1543/854 1076/1544/854
f 1082/1535/854 1076/1544/854 1080/1537/854
usemtl mat_0.80_0.00_0.00
f 1083/1545/855 1084/1546/855 1086/1547/855
f 1083/1545/855 1086/1547/855 1085/1548/855
f 1085/1548/856 1086/1547/856 1090/1549/856
f 1085/1548/856 1090/1549/856 1089/1550/856
f 1089/1550/857 1090/1549/857 1088/1551/857
f 1089/1550/857 1088/1551/857 1087/1552/857
f 1087/1552/858 1088/1551/858 1084/1553/858
f 1087/1552/858 1084/1553/858 1083/1554/858
f 1085/1555/859 1089/1550/859 1087/1552/859
f 1085/1555/859 1087/1552/859 1083/1556/859
f 1090/1549/860 1086/1557/860 1084/1558/860
f 1090/1549/860 1084/1558/860 1088/1551/860
usemtl mat_0.00_0.00_0.80
f 1091/1559/861 1092/1560/861 1094/1561/861
f 1091/1559/861 1094/1561/861 1093/1562/861
f 1093/1562/862 1094/1561/862 1098/1563/862
f 1093/1562/862 1098/1563/862 1097/1564/862
f 1097/1564/863 1098/1563/863 1096/1565/863
f 1097/1564/863 1096/1565/863 1095/1566/863
f 1095/1566/864 1096/1565/864 1092/1567/864
f 1095/1566/864 1092/1567/864 1091/1568/864
f 1093/1569/865 1097/1564/865 1095/1566/865
f 1093/1569/865 1095/1566/865 1091/1570/865
f 1098/1563/866 1094/1571/866 1092/1572/866
f 1098/1563/866 1092/1572/866 1096/1565/866
usemtl mat_0.80_0.00_0.00
f 1099/1573/867 1100/1574/867 1102/1575/867
f 1099/1573/867 1102/1575/867 1101/1576/867
f 1101/1576/868 1102/1575/868 1106/1577/868
f 1101/1576/868 1106/1577/868 1105/1578/868
f 1105/1578/869 1106/1577/869 1104/1579/869
f 1105/1578/869 1104/1579/869 1103/1580/869
f 1103/1580/870 1104/1579/870 1100/1581/870
f 1103/1580/870 1100/1581/870 1099/1582/870
f 1101/1583/871 1105/1578/871 1103/1580/871
f 1101/1583/871 1103/1580/871 1099/1584/871
f 1106/1577/872 1102/1585/872 1100/1586/872
f 1106/1577/872 1100/1586/872 1104/1579/872
usemtl mat_0.00_0.00_0.80
f 1107/1587/873 1108/1588/873 1110/1589/873
f 1107/1587/873 1110/1589/873 1109/1590/873
f 1109/1590/874 1110/1589/874 1114/1591/874
f 1109/1590/874 1114/1591/874 1113/1592/874
f 1113/1592/875 1114/1591/875 1112/1593/875
f 1113/1592/875 1112/1593/875 1111/1594/875
f 1111/1594/876 1112/1593/876 1108/1595/876
f 1111/1594/876 1108/1595/876 1107/1596/876
f 1109/1597/877 1113/1592/877 1111/1594/877
f 1109/1597/877 1111/1594/877 1107/1598/877
f 1114/1591/878 1110/1599/878 1108/1600/878
f 1114/1591/878 1108/1600/878 1112/1593/878
usemtl mat_0.80_0.00_0.00
f 1115/1601/879 1116/1602/879 1118/1603/879
f 1115/1601/879 1118/1603/879 1117/1604/879
f 1117/1604/880 1118/1603/880 1122/1605/880
f 1117/1604/880 1122/1605/880 1121/1606/880
f 1121/1606/881 1122/1605/881 1120/1607/881
f 1121/1606/881 1120/1607/881 1119/1608/881
f 1119/1608/882 1120/1607/882 1116/1609/882
f 1119/1608/882 1116/1609/882 1115/1610/882
f 1117/1611/883 1121/1606/883 1119/1608/883
f 1117/1611/883 1119/1608/883 1115/1612/883
f 1122/1605/884 1118/1613/884 1116/1614/884
f 1122/1605/884 1116/1614/884 1120/1607/884
usemtl mat_0.00_0.00_0.80
f 1123/1615/885 1124/1616/885 1126/1617/885
f 1123/1615/885 1126/1617/885 1125/1618/885
f 1125/1618/886 1126/1617/886 1130/1619/886
f 1125/1618/886 1130/1619/886 1129/1620/886
f 1129/1620/887 1130/1619/887 1128/1621/887
f 1129/1620/887 1128/1621/887 1127/1622/887
f 1127/1622/888 1128/1621/888 1124/1623/888
f 1127/1622/888 1124/1623/888 1123/1624/888
f 1125/1625/889 1129/1620/889 1127/1622/889
f 1125/1625/889 1127/1622/889 1123/1626/889
f 1130/1619/890 1126/1627/890 1124/1628/890
f 1130/1619/890 1124/1628/890 1128/1621/890
usemtl mat_0.80_0.00_0.00
f 1131/1629/891 1132/1630/891 1134/1631/891
f 1131/1629/891 1134/1631/891 1133/1632/891
f 1133/1632/892 1134/1631/892 1138/1633/892
f 1133/1632/892 1138/1633/892 1137/1634/892
f 1137/1634/893 1138/1633/893 1136/1635/893
f 1137/1634/893 1136/1635/893 1135/1636/893
f 1135/1636/894 1136/1635/894 1132/1637/894
f 1135/1636/894 1132/1637/894 1131/1638/894
f 1133/1639/895 1137/1634/895 1135/1636/895
f 1133/1639/895 1135/1636/895 1131/1640/895
f 1138/1633/896 1134/1641/896 1132/1642/896
f 1138/1633/896 1132/1642/896 1136/1635/896
usemtl mat_0.13_0.00_0.00
f 1139/1643/897 1140/1644/897 1142/1645/897
f 1139/1643/897 1142/1645/897 1141/1646/897
